zaxis,yaxis,Soilscience,Weeds_Control,Ecology_Mathematicalmodels,Plantdiseases,Veterinarymedicine,Dairying,Soils_Quality,Water_Waste,Water_waste,Agriculturalengineering,Foodcrops_Geneticengineering,Entomology,Insects_Physiology,Molecularecology,Forestsandforestry,Agriculture_Economicaspects,Pests_Control,Conservationbiology,Superconductors,Potatoes,Cropscience,Transportation_Research,Food_Safetymeasures,Geomorphology,Food_Analysis,Genomics,Semiconductors,Microbiology,Biotechnology,Molecularbiology_Methodology
Soilscience,Soilscience,28,10,3,6,2,3,12,5,5,4,2,2,2,1,4,4,2,3,0,3,4,1,0,3,1,1,0,0,1,0
Soilscience,Weeds_Control,10,10,0,4,0,1,6,0,0,1,2,0,2,0,0,0,2,0,0,2,3,0,0,0,1,0,0,0,0,0
Soilscience,Ecology_Mathematicalmodels,3,0,3,1,0,0,1,1,1,1,0,0,0,0,1,1,0,0,0,0,1,0,0,2,0,1,0,0,1,0
Soilscience,Plantdiseases,6,4,1,6,0,1,2,1,1,0,2,0,2,0,0,0,2,0,0,0,3,0,0,0,1,1,0,0,1,0
Soilscience,Veterinarymedicine,2,0,0,0,2,1,0,0,0,1,0,0,0,1,0,1,0,1,0,0,0,1,0,0,0,0,0,0,0,0
Soilscience,Dairying,3,1,0,1,1,3,0,0,0,2,1,0,0,0,0,0,1,0,0,1,1,0,0,0,0,0,0,0,0,0
Soilscience,Soils_Quality,12,6,1,2,0,0,12,2,2,2,1,2,1,0,1,1,1,2,0,2,1,0,0,2,1,0,0,0,0,0
Soilscience,Water_Waste,5,0,1,1,0,0,2,5,5,1,0,0,0,0,1,1,0,0,0,0,0,0,0,1,0,0,0,0,0,0
Soilscience,Water_waste,5,0,1,1,0,0,2,5,5,1,0,0,0,0,1,1,0,0,0,0,0,0,0,1,0,0,0,0,0,0
Soilscience,Agriculturalengineering,4,1,1,0,1,2,2,1,1,4,0,0,0,0,0,1,0,0,0,2,0,0,0,1,0,0,0,0,0,0
Soilscience,Foodcrops_Geneticengineering,2,2,0,2,0,1,1,0,0,0,2,0,1,0,0,0,2,0,0,0,1,0,0,0,1,0,0,0,0,0
Soilscience,Entomology,2,0,0,0,0,0,2,0,0,0,0,2,0,0,0,0,0,1,0,0,0,0,0,0,0,0,0,0,0,0
Soilscience,Insects_Physiology,2,2,0,2,0,0,1,0,0,0,1,0,2,0,0,0,1,0,0,0,0,0,0,0,1,0,0,0,0,0
Soilscience,Molecularecology,1,0,0,0,1,0,0,0,0,0,0,0,0,1,0,1,0,1,0,0,0,1,0,0,0,0,0,0,0,0
Soilscience,Forestsandforestry,4,0,1,0,0,0,1,1,1,0,0,0,0,0,4,0,0,1,0,0,0,0,0,2,0,0,0,0,0,0
Soilscience,Agriculture_Economicaspects,4,0,1,0,1,0,1,1,1,1,0,0,0,1,0,4,0,1,0,0,0,1,0,1,0,0,0,0,0,0
Soilscience,Pests_Control,2,2,0,2,0,1,1,0,0,0,2,0,1,0,0,0,2,0,0,0,1,0,0,0,1,0,0,0,0,0
Soilscience,Conservationbiology,3,0,0,0,1,0,2,0,0,0,0,1,0,1,1,1,0,3,0,0,0,1,0,1,0,0,0,0,0,0
Soilscience,Superconductors,0,0,0,0,0,0,0,0,0,0,0,0,0,0,0,0,0,0,0,0,0,0,0,0,0,0,0,0,0,0
Soilscience,Potatoes,3,2,0,0,0,1,2,0,0,2,0,0,0,0,0,0,0,0,0,3,0,0,0,0,0,0,0,0,0,0
Soilscience,Cropscience,4,3,1,3,0,1,1,0,0,0,1,0,0,0,0,0,1,0,0,0,4,0,0,0,0,1,0,0,1,0
Soilscience,Transportation_Research,1,0,0,0,1,0,0,0,0,0,0,0,0,1,0,1,0,1,0,0,0,1,0,0,0,0,0,0,0,0
Soilscience,Food_Safetymeasures,0,0,0,0,0,0,0,0,0,0,0,0,0,0,0,0,0,0,0,0,0,0,0,0,0,0,0,0,0,0
Soilscience,Geomorphology,3,0,2,0,0,0,2,1,1,1,0,0,0,0,2,1,0,1,0,0,0,0,0,3,0,0,0,0,0,0
Soilscience,Food_Analysis,1,1,0,1,0,0,1,0,0,0,1,0,1,0,0,0,1,0,0,0,0,0,0,0,1,0,0,0,0,0
Soilscience,Genomics,1,0,1,1,0,0,0,0,0,0,0,0,0,0,0,0,0,0,0,0,1,0,0,0,0,1,0,0,1,0
Soilscience,Semiconductors,0,0,0,0,0,0,0,0,0,0,0,0,0,0,0,0,0,0,0,0,0,0,0,0,0,0,0,0,0,0
Soilscience,Microbiology,0,0,0,0,0,0,0,0,0,0,0,0,0,0,0,0,0,0,0,0,0,0,0,0,0,0,0,0,0,0
Soilscience,Biotechnology,1,0,1,1,0,0,0,0,0,0,0,0,0,0,0,0,0,0,0,0,1,0,0,0,0,1,0,0,1,0
Soilscience,Molecularbiology_Methodology,0,0,0,0,0,0,0,0,0,0,0,0,0,0,0,0,0,0,0,0,0,0,0,0,0,0,0,0,0,0
Weeds_Control,Soilscience,10,10,0,4,0,1,6,0,0,1,2,0,2,0,0,0,2,0,0,2,3,0,0,0,1,0,0,0,0,0
Weeds_Control,Weeds_Control,10,25,3,12,1,2,9,0,0,2,2,4,8,0,3,0,5,0,0,6,6,0,0,0,2,0,0,1,0,0
Weeds_Control,Ecology_Mathematicalmodels,0,3,3,1,0,0,1,0,0,1,0,2,2,0,2,0,1,0,0,0,0,0,0,0,0,0,0,0,0,0
Weeds_Control,Plantdiseases,4,12,1,12,0,1,2,0,0,0,2,3,6,0,1,0,4,0,0,4,3,0,0,0,1,0,0,1,0,0
Weeds_Control,Veterinarymedicine,0,1,0,0,1,1,1,0,0,0,0,0,1,0,1,0,0,0,0,0,0,0,0,0,0,0,0,0,0,0
Weeds_Control,Dairying,1,2,0,1,1,2,1,0,0,0,1,0,1,0,1,0,1,0,0,0,1,0,0,0,0,0,0,0,0,0
Weeds_Control,Soils_Quality,6,9,1,2,1,1,9,0,0,2,1,1,3,0,2,0,1,0,0,2,2,0,0,0,1,0,0,0,0,0
Weeds_Control,Water_Waste,0,0,0,0,0,0,0,0,0,0,0,0,0,0,0,0,0,0,0,0,0,0,0,0,0,0,0,0,0,0
Weeds_Control,Water_waste,0,0,0,0,0,0,0,0,0,0,0,0,0,0,0,0,0,0,0,0,0,0,0,0,0,0,0,0,0,0
Weeds_Control,Agriculturalengineering,1,2,1,0,0,0,2,0,0,2,0,1,1,0,1,0,0,0,0,1,0,0,0,0,0,0,0,0,0,0
Weeds_Control,Foodcrops_Geneticengineering,2,2,0,2,0,1,1,0,0,0,2,0,1,0,0,0,2,0,0,0,1,0,0,0,1,0,0,0,0,0
Weeds_Control,Entomology,0,4,2,3,0,0,1,0,0,1,0,4,2,0,2,0,1,0,0,1,1,0,0,0,0,0,0,0,0,0
Weeds_Control,Insects_Physiology,2,8,2,6,1,1,3,0,0,1,1,2,8,0,3,0,3,0,0,2,0,0,0,0,1,0,0,0,0,0
Weeds_Control,Molecularecology,0,0,0,0,0,0,0,0,0,0,0,0,0,0,0,0,0,0,0,0,0,0,0,0,0,0,0,0,0,0
Weeds_Control,Forestsandforestry,0,3,2,1,1,1,2,0,0,1,0,2,3,0,3,0,1,0,0,0,0,0,0,0,0,0,0,0,0,0
Weeds_Control,Agriculture_Economicaspects,0,0,0,0,0,0,0,0,0,0,0,0,0,0,0,0,0,0,0,0,0,0,0,0,0,0,0,0,0,0
Weeds_Control,Pests_Control,2,5,1,4,0,1,1,0,0,0,2,1,3,0,1,0,5,0,0,0,1,0,0,0,1,0,0,0,0,0
Weeds_Control,Conservationbiology,0,0,0,0,0,0,0,0,0,0,0,0,0,0,0,0,0,0,0,0,0,0,0,0,0,0,0,0,0,0
Weeds_Control,Superconductors,0,0,0,0,0,0,0,0,0,0,0,0,0,0,0,0,0,0,0,0,0,0,0,0,0,0,0,0,0,0
Weeds_Control,Potatoes,2,6,0,4,0,0,2,0,0,1,0,1,2,0,0,0,0,0,0,6,0,0,0,0,0,0,0,1,0,0
Weeds_Control,Cropscience,3,6,0,3,0,1,2,0,0,0,1,1,0,0,0,0,1,0,0,0,6,0,0,0,1,0,0,0,0,0
Weeds_Control,Transportation_Research,0,0,0,0,0,0,0,0,0,0,0,0,0,0,0,0,0,0,0,0,0,0,0,0,0,0,0,0,0,0
Weeds_Control,Food_Safetymeasures,0,0,0,0,0,0,0,0,0,0,0,0,0,0,0,0,0,0,0,0,0,0,0,0,0,0,0,0,0,0
Weeds_Control,Geomorphology,0,0,0,0,0,0,0,0,0,0,0,0,0,0,0,0,0,0,0,0,0,0,0,0,0,0,0,0,0,0
Weeds_Control,Food_Analysis,1,2,0,1,0,0,1,0,0,0,1,0,1,0,0,0,1,0,0,0,1,0,0,0,2,0,0,0,0,0
Weeds_Control,Genomics,0,0,0,0,0,0,0,0,0,0,0,0,0,0,0,0,0,0,0,0,0,0,0,0,0,0,0,0,0,0
Weeds_Control,Semiconductors,0,0,0,0,0,0,0,0,0,0,0,0,0,0,0,0,0,0,0,0,0,0,0,0,0,0,0,0,0,0
Weeds_Control,Microbiology,0,1,0,1,0,0,0,0,0,0,0,0,0,0,0,0,0,0,0,1,0,0,0,0,0,0,0,1,0,0
Weeds_Control,Biotechnology,0,0,0,0,0,0,0,0,0,0,0,0,0,0,0,0,0,0,0,0,0,0,0,0,0,0,0,0,0,0
Weeds_Control,Molecularbiology_Methodology,0,0,0,0,0,0,0,0,0,0,0,0,0,0,0,0,0,0,0,0,0,0,0,0,0,0,0,0,0,0
Ecology_Mathematicalmodels,Soilscience,3,0,3,1,0,0,1,1,1,1,0,0,0,0,1,1,0,0,0,0,1,0,0,2,0,1,0,0,1,0
Ecology_Mathematicalmodels,Weeds_Control,0,3,3,1,0,0,1,0,0,1,0,2,2,0,2,0,1,0,0,0,0,0,0,0,0,0,0,0,0,0
Ecology_Mathematicalmodels,Ecology_Mathematicalmodels,3,3,24,3,1,0,3,3,3,3,0,4,3,5,7,2,2,5,0,1,2,0,1,4,0,1,0,4,3,3
Ecology_Mathematicalmodels,Plantdiseases,1,1,3,3,0,0,0,0,0,0,0,1,1,0,1,0,1,0,0,1,1,0,0,0,0,1,0,1,2,1
Ecology_Mathematicalmodels,Veterinarymedicine,0,0,1,0,1,0,0,0,0,0,0,0,0,0,0,0,0,0,0,0,0,0,0,0,0,0,0,0,0,0
Ecology_Mathematicalmodels,Dairying,0,0,0,0,0,0,0,0,0,0,0,0,0,0,0,0,0,0,0,0,0,0,0,0,0,0,0,0,0,0
Ecology_Mathematicalmodels,Soils_Quality,1,1,3,0,0,0,3,1,1,2,0,2,1,0,1,1,1,0,0,0,0,0,0,1,0,0,0,0,0,0
Ecology_Mathematicalmodels,Water_Waste,1,0,3,0,0,0,1,3,3,2,0,0,0,0,0,1,0,0,0,0,0,0,0,2,0,0,0,0,0,0
Ecology_Mathematicalmodels,Water_waste,1,0,3,0,0,0,1,3,3,2,0,0,0,0,0,1,0,0,0,0,0,0,0,2,0,0,0,0,0,0
Ecology_Mathematicalmodels,Agriculturalengineering,1,1,3,0,0,0,2,2,2,3,0,1,1,0,1,1,0,0,0,0,0,0,0,1,0,0,0,0,0,0
Ecology_Mathematicalmodels,Foodcrops_Geneticengineering,0,0,0,0,0,0,0,0,0,0,0,0,0,0,0,0,0,0,0,0,0,0,0,0,0,0,0,0,0,0
Ecology_Mathematicalmodels,Entomology,0,2,4,1,0,0,2,0,0,1,0,4,3,0,2,0,2,1,0,0,0,0,0,0,0,0,0,0,0,0
Ecology_Mathematicalmodels,Insects_Physiology,0,2,3,1,0,0,1,0,0,1,0,3,3,0,2,0,1,1,0,0,0,0,0,0,0,0,0,0,0,0
Ecology_Mathematicalmodels,Molecularecology,0,0,5,0,0,0,0,0,0,0,0,0,0,5,3,0,0,4,0,0,0,0,0,1,0,0,0,0,0,0
Ecology_Mathematicalmodels,Forestsandforestry,1,2,7,1,0,0,1,0,0,1,0,2,2,3,7,0,1,2,0,0,0,0,0,1,0,0,0,0,0,0
Ecology_Mathematicalmodels,Agriculture_Economicaspects,1,0,2,0,0,0,1,1,1,1,0,0,0,0,0,2,0,0,0,0,0,0,1,1,0,0,0,0,0,0
Ecology_Mathematicalmodels,Pests_Control,0,1,2,1,0,0,1,0,0,0,0,2,1,0,1,0,2,0,0,0,0,0,0,0,0,0,0,0,0,0
Ecology_Mathematicalmodels,Conservationbiology,0,0,5,0,0,0,0,0,0,0,0,1,1,4,2,0,0,5,0,0,0,0,0,1,0,0,0,0,0,0
Ecology_Mathematicalmodels,Superconductors,0,0,0,0,0,0,0,0,0,0,0,0,0,0,0,0,0,0,0,0,0,0,0,0,0,0,0,0,0,0
Ecology_Mathematicalmodels,Potatoes,0,0,1,1,0,0,0,0,0,0,0,0,0,0,0,0,0,0,0,1,0,0,0,0,0,0,0,1,1,1
Ecology_Mathematicalmodels,Cropscience,1,0,2,1,0,0,0,0,0,0,0,0,0,0,0,0,0,0,0,0,2,0,0,0,0,1,0,1,1,1
Ecology_Mathematicalmodels,Transportation_Research,0,0,0,0,0,0,0,0,0,0,0,0,0,0,0,0,0,0,0,0,0,0,0,0,0,0,0,0,0,0
Ecology_Mathematicalmodels,Food_Safetymeasures,0,0,1,0,0,0,0,0,0,0,0,0,0,0,0,1,0,0,0,0,0,0,1,0,0,0,0,0,0,0
Ecology_Mathematicalmodels,Geomorphology,2,0,4,0,0,0,1,2,2,1,0,0,0,1,1,1,0,1,0,0,0,0,0,4,0,0,0,0,0,0
Ecology_Mathematicalmodels,Food_Analysis,0,0,0,0,0,0,0,0,0,0,0,0,0,0,0,0,0,0,0,0,0,0,0,0,0,0,0,0,0,0
Ecology_Mathematicalmodels,Genomics,1,0,1,1,0,0,0,0,0,0,0,0,0,0,0,0,0,0,0,0,1,0,0,0,0,1,0,0,1,0
Ecology_Mathematicalmodels,Semiconductors,0,0,0,0,0,0,0,0,0,0,0,0,0,0,0,0,0,0,0,0,0,0,0,0,0,0,0,0,0,0
Ecology_Mathematicalmodels,Microbiology,0,0,4,1,0,0,0,0,0,0,0,0,0,0,0,0,0,0,0,1,1,0,0,0,0,0,0,4,2,3
Ecology_Mathematicalmodels,Biotechnology,1,0,3,2,0,0,0,0,0,0,0,0,0,0,0,0,0,0,0,1,1,0,0,0,0,1,0,2,3,1
Ecology_Mathematicalmodels,Molecularbiology_Methodology,0,0,3,1,0,0,0,0,0,0,0,0,0,0,0,0,0,0,0,1,1,0,0,0,0,0,0,3,1,3
Plantdiseases,Soilscience,6,4,1,6,0,1,2,1,1,0,2,0,2,0,0,0,2,0,0,0,3,0,0,0,1,1,0,0,1,0
Plantdiseases,Weeds_Control,4,12,1,12,0,1,2,0,0,0,2,3,6,0,1,0,4,0,0,4,3,0,0,0,1,0,0,1,0,0
Plantdiseases,Ecology_Mathematicalmodels,1,1,3,3,0,0,0,0,0,0,0,1,1,0,1,0,1,0,0,1,1,0,0,0,0,1,0,1,2,1
Plantdiseases,Plantdiseases,6,12,3,22,0,1,2,2,2,0,2,5,8,1,1,1,7,1,0,6,5,0,0,0,1,2,0,3,2,1
Plantdiseases,Veterinarymedicine,0,0,0,0,0,0,0,0,0,0,0,0,0,0,0,0,0,0,0,0,0,0,0,0,0,0,0,0,0,0
Plantdiseases,Dairying,1,1,0,1,0,1,0,0,0,0,1,0,0,0,0,0,1,0,0,0,1,0,0,0,0,0,0,0,0,0
Plantdiseases,Soils_Quality,2,2,0,2,0,0,2,0,0,0,1,0,1,0,0,0,1,0,0,0,1,0,0,0,1,0,0,0,0,0
Plantdiseases,Water_Waste,1,0,0,2,0,0,0,2,2,0,0,0,0,0,0,1,0,0,0,0,0,0,0,0,0,0,0,0,0,0
Plantdiseases,Water_waste,1,0,0,2,0,0,0,2,2,0,0,0,0,0,0,1,0,0,0,0,0,0,0,0,0,0,0,0,0,0
Plantdiseases,Agriculturalengineering,0,0,0,0,0,0,0,0,0,0,0,0,0,0,0,0,0,0,0,0,0,0,0,0,0,0,0,0,0,0
Plantdiseases,Foodcrops_Geneticengineering,2,2,0,2,0,1,1,0,0,0,2,0,1,0,0,0,2,0,0,0,1,0,0,0,1,0,0,0,0,0
Plantdiseases,Entomology,0,3,1,5,0,0,0,0,0,0,0,5,2,1,1,0,3,1,0,1,2,0,0,0,0,0,0,0,0,0
Plantdiseases,Insects_Physiology,2,6,1,8,0,0,1,0,0,0,1,2,8,1,1,0,4,1,0,3,1,0,0,0,1,0,0,0,0,0
Plantdiseases,Molecularecology,0,0,0,1,0,0,0,0,0,0,0,1,1,1,0,0,1,1,0,0,1,0,0,0,0,0,0,0,0,0
Plantdiseases,Forestsandforestry,0,1,1,1,0,0,0,0,0,0,0,1,1,0,1,0,1,0,0,0,0,0,0,0,0,0,0,0,0,0
Plantdiseases,Agriculture_Economicaspects,0,0,0,1,0,0,0,1,1,0,0,0,0,0,0,1,0,0,0,0,0,0,0,0,0,0,0,0,0,0
Plantdiseases,Pests_Control,2,4,1,7,0,1,1,0,0,0,2,3,4,1,1,0,7,1,0,0,2,0,0,0,1,1,0,0,0,0
Plantdiseases,Conservationbiology,0,0,0,1,0,0,0,0,0,0,0,1,1,1,0,0,1,1,0,0,1,0,0,0,0,0,0,0,0,0
Plantdiseases,Superconductors,0,0,0,0,0,0,0,0,0,0,0,0,0,0,0,0,0,0,0,0,0,0,0,0,0,0,0,0,0,0
Plantdiseases,Potatoes,0,4,1,6,0,0,0,0,0,0,0,1,3,0,0,0,0,0,0,6,0,0,0,0,0,0,0,2,1,1
Plantdiseases,Cropscience,3,3,1,5,0,1,1,0,0,0,1,2,1,1,0,0,2,1,0,0,5,0,0,0,0,1,0,0,1,0
Plantdiseases,Transportation_Research,0,0,0,0,0,0,0,0,0,0,0,0,0,0,0,0,0,0,0,0,0,0,0,0,0,0,0,0,0,0
Plantdiseases,Food_Safetymeasures,0,0,0,0,0,0,0,0,0,0,0,0,0,0,0,0,0,0,0,0,0,0,0,0,0,0,0,0,0,0
Plantdiseases,Geomorphology,0,0,0,0,0,0,0,0,0,0,0,0,0,0,0,0,0,0,0,0,0,0,0,0,0,0,0,0,0,0
Plantdiseases,Food_Analysis,1,1,0,1,0,0,1,0,0,0,1,0,1,0,0,0,1,0,0,0,0,0,0,0,1,0,0,0,0,0
Plantdiseases,Genomics,1,0,1,2,0,0,0,0,0,0,0,0,0,0,0,0,1,0,0,0,1,0,0,0,0,2,0,0,1,0
Plantdiseases,Semiconductors,0,0,0,0,0,0,0,0,0,0,0,0,0,0,0,0,0,0,0,0,0,0,0,0,0,0,0,0,0,0
Plantdiseases,Microbiology,0,1,1,3,0,0,0,0,0,0,0,0,0,0,0,0,0,0,0,2,0,0,0,0,0,0,0,3,1,1
Plantdiseases,Biotechnology,1,0,2,2,0,0,0,0,0,0,0,0,0,0,0,0,0,0,0,1,1,0,0,0,0,1,0,1,2,1
Plantdiseases,Molecularbiology_Methodology,0,0,1,1,0,0,0,0,0,0,0,0,0,0,0,0,0,0,0,1,0,0,0,0,0,0,0,1,1,1
Veterinarymedicine,Soilscience,2,0,0,0,2,1,0,0,0,1,0,0,0,1,0,1,0,1,0,0,0,1,0,0,0,0,0,0,0,0
Veterinarymedicine,Weeds_Control,0,1,0,0,1,1,1,0,0,0,0,0,1,0,1,0,0,0,0,0,0,0,0,0,0,0,0,0,0,0
Veterinarymedicine,Ecology_Mathematicalmodels,0,0,1,0,1,0,0,0,0,0,0,0,0,0,0,0,0,0,0,0,0,0,0,0,0,0,0,0,0,0
Veterinarymedicine,Plantdiseases,0,0,0,0,0,0,0,0,0,0,0,0,0,0,0,0,0,0,0,0,0,0,0,0,0,0,0,0,0,0
Veterinarymedicine,Veterinarymedicine,2,1,1,0,21,12,1,0,0,2,5,0,1,3,1,1,0,1,0,1,0,1,0,0,0,4,0,0,0,1
Veterinarymedicine,Dairying,1,1,0,0,12,12,1,0,0,1,3,0,1,0,1,0,0,0,0,1,0,0,0,0,0,0,0,0,0,0
Veterinarymedicine,Soils_Quality,0,1,0,0,1,1,1,0,0,0,0,0,1,0,1,0,0,0,0,0,0,0,0,0,0,0,0,0,0,0
Veterinarymedicine,Water_Waste,0,0,0,0,0,0,0,0,0,0,0,0,0,0,0,0,0,0,0,0,0,0,0,0,0,0,0,0,0,0
Veterinarymedicine,Water_waste,0,0,0,0,0,0,0,0,0,0,0,0,0,0,0,0,0,0,0,0,0,0,0,0,0,0,0,0,0,0
Veterinarymedicine,Agriculturalengineering,1,0,0,0,2,1,0,0,0,2,0,0,0,0,0,0,0,0,0,0,0,0,0,0,0,0,0,0,0,0
Veterinarymedicine,Foodcrops_Geneticengineering,0,0,0,0,5,3,0,0,0,0,5,0,0,1,0,0,0,0,0,1,0,0,0,0,0,2,0,0,0,1
Veterinarymedicine,Entomology,0,0,0,0,0,0,0,0,0,0,0,0,0,0,0,0,0,0,0,0,0,0,0,0,0,0,0,0,0,0
Veterinarymedicine,Insects_Physiology,0,1,0,0,1,1,1,0,0,0,0,0,1,0,1,0,0,0,0,0,0,0,0,0,0,0,0,0,0,0
Veterinarymedicine,Molecularecology,1,0,0,0,3,0,0,0,0,0,1,0,0,3,0,1,0,1,0,0,0,1,0,0,0,2,0,0,0,1
Veterinarymedicine,Forestsandforestry,0,1,0,0,1,1,1,0,0,0,0,0,1,0,1,0,0,0,0,0,0,0,0,0,0,0,0,0,0,0
Veterinarymedicine,Agriculture_Economicaspects,1,0,0,0,1,0,0,0,0,0,0,0,0,1,0,1,0,1,0,0,0,1,0,0,0,0,0,0,0,0
Veterinarymedicine,Pests_Control,0,0,0,0,0,0,0,0,0,0,0,0,0,0,0,0,0,0,0,0,0,0,0,0,0,0,0,0,0,0
Veterinarymedicine,Conservationbiology,1,0,0,0,1,0,0,0,0,0,0,0,0,1,0,1,0,1,0,0,0,1,0,0,0,0,0,0,0,0
Veterinarymedicine,Superconductors,0,0,0,0,0,0,0,0,0,0,0,0,0,0,0,0,0,0,0,0,0,0,0,0,0,0,0,0,0,0
Veterinarymedicine,Potatoes,0,0,0,0,1,1,0,0,0,0,1,0,0,0,0,0,0,0,0,1,0,0,0,0,0,0,0,0,0,0
Veterinarymedicine,Cropscience,0,0,0,0,0,0,0,0,0,0,0,0,0,0,0,0,0,0,0,0,0,0,0,0,0,0,0,0,0,0
Veterinarymedicine,Transportation_Research,1,0,0,0,1,0,0,0,0,0,0,0,0,1,0,1,0,1,0,0,0,1,0,0,0,0,0,0,0,0
Veterinarymedicine,Food_Safetymeasures,0,0,0,0,0,0,0,0,0,0,0,0,0,0,0,0,0,0,0,0,0,0,0,0,0,0,0,0,0,0
Veterinarymedicine,Geomorphology,0,0,0,0,0,0,0,0,0,0,0,0,0,0,0,0,0,0,0,0,0,0,0,0,0,0,0,0,0,0
Veterinarymedicine,Food_Analysis,0,0,0,0,0,0,0,0,0,0,0,0,0,0,0,0,0,0,0,0,0,0,0,0,0,0,0,0,0,0
Veterinarymedicine,Genomics,0,0,0,0,4,0,0,0,0,0,2,0,0,2,0,0,0,0,0,0,0,0,0,0,0,4,0,0,0,1
Veterinarymedicine,Semiconductors,0,0,0,0,0,0,0,0,0,0,0,0,0,0,0,0,0,0,0,0,0,0,0,0,0,0,0,0,0,0
Veterinarymedicine,Microbiology,0,0,0,0,0,0,0,0,0,0,0,0,0,0,0,0,0,0,0,0,0,0,0,0,0,0,0,0,0,0
Veterinarymedicine,Biotechnology,0,0,0,0,0,0,0,0,0,0,0,0,0,0,0,0,0,0,0,0,0,0,0,0,0,0,0,0,0,0
Veterinarymedicine,Molecularbiology_Methodology,0,0,0,0,1,0,0,0,0,0,1,0,0,1,0,0,0,0,0,0,0,0,0,0,0,1,0,0,0,1
Dairying,Soilscience,3,1,0,1,1,3,0,0,0,2,1,0,0,0,0,0,1,0,0,1,1,0,0,0,0,0,0,0,0,0
Dairying,Weeds_Control,1,2,0,1,1,2,1,0,0,0,1,0,1,0,1,0,1,0,0,0,1,0,0,0,0,0,0,0,0,0
Dairying,Ecology_Mathematicalmodels,0,0,0,0,0,0,0,0,0,0,0,0,0,0,0,0,0,0,0,0,0,0,0,0,0,0,0,0,0,0
Dairying,Plantdiseases,1,1,0,1,0,1,0,0,0,0,1,0,0,0,0,0,1,0,0,0,1,0,0,0,0,0,0,0,0,0
Dairying,Veterinarymedicine,1,1,0,0,12,12,1,0,0,1,3,0,1,0,1,0,0,0,0,1,0,0,0,0,0,0,0,0,0,0
Dairying,Dairying,3,2,0,1,12,17,1,0,0,2,6,0,1,0,1,0,1,0,0,2,1,0,3,0,2,0,0,1,1,0
Dairying,Soils_Quality,0,1,0,0,1,1,1,0,0,0,0,0,1,0,1,0,0,0,0,0,0,0,0,0,0,0,0,0,0,0
Dairying,Water_Waste,0,0,0,0,0,0,0,0,0,0,0,0,0,0,0,0,0,0,0,0,0,0,0,0,0,0,0,0,0,0
Dairying,Water_waste,0,0,0,0,0,0,0,0,0,0,0,0,0,0,0,0,0,0,0,0,0,0,0,0,0,0,0,0,0,0
Dairying,Agriculturalengineering,2,0,0,0,1,2,0,0,0,2,0,0,0,0,0,0,0,0,0,1,0,0,0,0,0,0,0,0,0,0
Dairying,Foodcrops_Geneticengineering,1,1,0,1,3,6,0,0,0,0,6,0,0,0,0,0,1,0,0,1,1,0,2,0,2,0,0,0,0,0
Dairying,Entomology,0,0,0,0,0,0,0,0,0,0,0,0,0,0,0,0,0,0,0,0,0,0,0,0,0,0,0,0,0,0
Dairying,Insects_Physiology,0,1,0,0,1,1,1,0,0,0,0,0,1,0,1,0,0,0,0,0,0,0,0,0,0,0,0,0,0,0
Dairying,Molecularecology,0,0,0,0,0,0,0,0,0,0,0,0,0,0,0,0,0,0,0,0,0,0,0,0,0,0,0,0,0,0
Dairying,Forestsandforestry,0,1,0,0,1,1,1,0,0,0,0,0,1,0,1,0,0,0,0,0,0,0,0,0,0,0,0,0,0,0
Dairying,Agriculture_Economicaspects,0,0,0,0,0,0,0,0,0,0,0,0,0,0,0,0,0,0,0,0,0,0,0,0,0,0,0,0,0,0
Dairying,Pests_Control,1,1,0,1,0,1,0,0,0,0,1,0,0,0,0,0,1,0,0,0,1,0,0,0,0,0,0,0,0,0
Dairying,Conservationbiology,0,0,0,0,0,0,0,0,0,0,0,0,0,0,0,0,0,0,0,0,0,0,0,0,0,0,0,0,0,0
Dairying,Superconductors,0,0,0,0,0,0,0,0,0,0,0,0,0,0,0,0,0,0,0,0,0,0,0,0,0,0,0,0,0,0
Dairying,Potatoes,1,0,0,0,1,2,0,0,0,1,1,0,0,0,0,0,0,0,0,2,0,0,0,0,0,0,0,0,0,0
Dairying,Cropscience,1,1,0,1,0,1,0,0,0,0,1,0,0,0,0,0,1,0,0,0,1,0,0,0,0,0,0,0,0,0
Dairying,Transportation_Research,0,0,0,0,0,0,0,0,0,0,0,0,0,0,0,0,0,0,0,0,0,0,0,0,0,0,0,0,0,0
Dairying,Food_Safetymeasures,0,0,0,0,0,3,0,0,0,0,2,0,0,0,0,0,0,0,0,0,0,0,3,0,2,0,0,1,1,0
Dairying,Geomorphology,0,0,0,0,0,0,0,0,0,0,0,0,0,0,0,0,0,0,0,0,0,0,0,0,0,0,0,0,0,0
Dairying,Food_Analysis,0,0,0,0,0,2,0,0,0,0,2,0,0,0,0,0,0,0,0,0,0,0,2,0,2,0,0,0,0,0
Dairying,Genomics,0,0,0,0,0,0,0,0,0,0,0,0,0,0,0,0,0,0,0,0,0,0,0,0,0,0,0,0,0,0
Dairying,Semiconductors,0,0,0,0,0,0,0,0,0,0,0,0,0,0,0,0,0,0,0,0,0,0,0,0,0,0,0,0,0,0
Dairying,Microbiology,0,0,0,0,0,1,0,0,0,0,0,0,0,0,0,0,0,0,0,0,0,0,1,0,0,0,0,1,1,0
Dairying,Biotechnology,0,0,0,0,0,1,0,0,0,0,0,0,0,0,0,0,0,0,0,0,0,0,1,0,0,0,0,1,1,0
Dairying,Molecularbiology_Methodology,0,0,0,0,0,0,0,0,0,0,0,0,0,0,0,0,0,0,0,0,0,0,0,0,0,0,0,0,0,0
Soils_Quality,Soilscience,12,6,1,2,0,0,12,2,2,2,1,2,1,0,1,1,1,2,0,2,1,0,0,2,1,0,0,0,0,0
Soils_Quality,Weeds_Control,6,9,1,2,1,1,9,0,0,2,1,1,3,0,2,0,1,0,0,2,2,0,0,0,1,0,0,0,0,0
Soils_Quality,Ecology_Mathematicalmodels,1,1,3,0,0,0,3,1,1,2,0,2,1,0,1,1,1,0,0,0,0,0,0,1,0,0,0,0,0,0
Soils_Quality,Plantdiseases,2,2,0,2,0,0,2,0,0,0,1,0,1,0,0,0,1,0,0,0,1,0,0,0,1,0,0,0,0,0
Soils_Quality,Veterinarymedicine,0,1,0,0,1,1,1,0,0,0,0,0,1,0,1,0,0,0,0,0,0,0,0,0,0,0,0,0,0,0
Soils_Quality,Dairying,0,1,0,0,1,1,1,0,0,0,0,0,1,0,1,0,0,0,0,0,0,0,0,0,0,0,0,0,0,0
Soils_Quality,Soils_Quality,12,9,3,2,1,1,16,2,2,3,1,4,3,0,3,1,2,2,0,2,2,0,0,2,1,0,0,0,0,0
Soils_Quality,Water_Waste,2,0,1,0,0,0,2,2,2,1,0,0,0,0,0,1,0,0,0,0,0,0,0,1,0,0,0,0,0,0
Soils_Quality,Water_waste,2,0,1,0,0,0,2,2,2,1,0,0,0,0,0,1,0,0,0,0,0,0,0,1,0,0,0,0,0,0
Soils_Quality,Agriculturalengineering,2,2,2,0,0,0,3,1,1,3,0,1,1,0,1,1,0,0,0,1,0,0,0,1,0,0,0,0,0,0
Soils_Quality,Foodcrops_Geneticengineering,1,1,0,1,0,0,1,0,0,0,1,0,1,0,0,0,1,0,0,0,0,0,0,0,1,0,0,0,0,0
Soils_Quality,Entomology,2,1,2,0,0,0,4,0,0,1,0,4,1,0,1,0,1,1,0,0,0,0,0,0,0,0,0,0,0,0
Soils_Quality,Insects_Physiology,1,3,1,1,1,1,3,0,0,1,1,1,3,0,2,0,1,0,0,0,0,0,0,0,1,0,0,0,0,0
Soils_Quality,Molecularecology,0,0,0,0,0,0,0,0,0,0,0,0,0,0,0,0,0,0,0,0,0,0,0,0,0,0,0,0,0,0
Soils_Quality,Forestsandforestry,1,2,1,0,1,1,3,0,0,1,0,1,2,0,3,0,0,1,0,0,0,0,0,1,0,0,0,0,0,0
Soils_Quality,Agriculture_Economicaspects,1,0,1,0,0,0,1,1,1,1,0,0,0,0,0,1,0,0,0,0,0,0,0,1,0,0,0,0,0,0
Soils_Quality,Pests_Control,1,1,1,1,0,0,2,0,0,0,1,1,1,0,0,0,2,0,0,0,0,0,0,0,1,0,0,0,0,0
Soils_Quality,Conservationbiology,2,0,0,0,0,0,2,0,0,0,0,1,0,0,1,0,0,2,0,0,0,0,0,1,0,0,0,0,0,0
Soils_Quality,Superconductors,0,0,0,0,0,0,0,0,0,0,0,0,0,0,0,0,0,0,0,0,0,0,0,0,0,0,0,0,0,0
Soils_Quality,Potatoes,2,2,0,0,0,0,2,0,0,1,0,0,0,0,0,0,0,0,0,2,0,0,0,0,0,0,0,0,0,0
Soils_Quality,Cropscience,1,2,0,1,0,0,2,0,0,0,0,0,0,0,0,0,0,0,0,0,2,0,0,0,0,0,0,0,0,0
Soils_Quality,Transportation_Research,0,0,0,0,0,0,0,0,0,0,0,0,0,0,0,0,0,0,0,0,0,0,0,0,0,0,0,0,0,0
Soils_Quality,Food_Safetymeasures,0,0,0,0,0,0,0,0,0,0,0,0,0,0,0,0,0,0,0,0,0,0,0,0,0,0,0,0,0,0
Soils_Quality,Geomorphology,2,0,1,0,0,0,2,1,1,1,0,0,0,0,1,1,0,1,0,0,0,0,0,2,0,0,0,0,0,0
Soils_Quality,Food_Analysis,1,1,0,1,0,0,1,0,0,0,1,0,1,0,0,0,1,0,0,0,0,0,0,0,1,0,0,0,0,0
Soils_Quality,Genomics,0,0,0,0,0,0,0,0,0,0,0,0,0,0,0,0,0,0,0,0,0,0,0,0,0,0,0,0,0,0
Soils_Quality,Semiconductors,0,0,0,0,0,0,0,0,0,0,0,0,0,0,0,0,0,0,0,0,0,0,0,0,0,0,0,0,0,0
Soils_Quality,Microbiology,0,0,0,0,0,0,0,0,0,0,0,0,0,0,0,0,0,0,0,0,0,0,0,0,0,0,0,0,0,0
Soils_Quality,Biotechnology,0,0,0,0,0,0,0,0,0,0,0,0,0,0,0,0,0,0,0,0,0,0,0,0,0,0,0,0,0,0
Soils_Quality,Molecularbiology_Methodology,0,0,0,0,0,0,0,0,0,0,0,0,0,0,0,0,0,0,0,0,0,0,0,0,0,0,0,0,0,0
Water_Waste,Soilscience,5,0,1,1,0,0,2,5,5,1,0,0,0,0,1,1,0,0,0,0,0,0,0,1,0,0,0,0,0,0
Water_Waste,Weeds_Control,0,0,0,0,0,0,0,0,0,0,0,0,0,0,0,0,0,0,0,0,0,0,0,0,0,0,0,0,0,0
Water_Waste,Ecology_Mathematicalmodels,1,0,3,0,0,0,1,3,3,2,0,0,0,0,0,1,0,0,0,0,0,0,0,2,0,0,0,0,0,0
Water_Waste,Plantdiseases,1,0,0,2,0,0,0,2,2,0,0,0,0,0,0,1,0,0,0,0,0,0,0,0,0,0,0,0,0,0
Water_Waste,Veterinarymedicine,0,0,0,0,0,0,0,0,0,0,0,0,0,0,0,0,0,0,0,0,0,0,0,0,0,0,0,0,0,0
Water_Waste,Dairying,0,0,0,0,0,0,0,0,0,0,0,0,0,0,0,0,0,0,0,0,0,0,0,0,0,0,0,0,0,0
Water_Waste,Soils_Quality,2,0,1,0,0,0,2,2,2,1,0,0,0,0,0,1,0,0,0,0,0,0,0,1,0,0,0,0,0,0
Water_Waste,Water_Waste,5,0,3,2,0,0,2,15,15,4,0,0,0,0,1,2,0,1,0,0,0,0,0,3,0,0,0,0,0,0
Water_Waste,Water_waste,5,0,3,2,0,0,2,15,15,4,0,0,0,0,1,2,0,1,0,0,0,0,0,3,0,0,0,0,0,0
Water_Waste,Agriculturalengineering,1,0,2,0,0,0,1,4,4,4,0,0,0,0,0,1,0,0,0,0,0,0,0,1,0,0,0,0,0,0
Water_Waste,Foodcrops_Geneticengineering,0,0,0,0,0,0,0,0,0,0,0,0,0,0,0,0,0,0,0,0,0,0,0,0,0,0,0,0,0,0
Water_Waste,Entomology,0,0,0,0,0,0,0,0,0,0,0,0,0,0,0,0,0,0,0,0,0,0,0,0,0,0,0,0,0,0
Water_Waste,Insects_Physiology,0,0,0,0,0,0,0,0,0,0,0,0,0,0,0,0,0,0,0,0,0,0,0,0,0,0,0,0,0,0
Water_Waste,Molecularecology,0,0,0,0,0,0,0,0,0,0,0,0,0,0,0,0,0,0,0,0,0,0,0,0,0,0,0,0,0,0
Water_Waste,Forestsandforestry,1,0,0,0,0,0,0,1,1,0,0,0,0,0,1,0,0,0,0,0,0,0,0,0,0,0,0,0,0,0
Water_Waste,Agriculture_Economicaspects,1,0,1,1,0,0,1,2,2,1,0,0,0,0,0,2,0,0,0,0,0,0,0,1,0,0,0,0,0,0
Water_Waste,Pests_Control,0,0,0,0,0,0,0,0,0,0,0,0,0,0,0,0,0,0,0,0,0,0,0,0,0,0,0,0,0,0
Water_Waste,Conservationbiology,0,0,0,0,0,0,0,1,1,0,0,0,0,0,0,0,0,1,0,0,0,0,0,1,0,0,0,0,0,0
Water_Waste,Superconductors,0,0,0,0,0,0,0,0,0,0,0,0,0,0,0,0,0,0,0,0,0,0,0,0,0,0,0,0,0,0
Water_Waste,Potatoes,0,0,0,0,0,0,0,0,0,0,0,0,0,0,0,0,0,0,0,0,0,0,0,0,0,0,0,0,0,0
Water_Waste,Cropscience,0,0,0,0,0,0,0,0,0,0,0,0,0,0,0,0,0,0,0,0,0,0,0,0,0,0,0,0,0,0
Water_Waste,Transportation_Research,0,0,0,0,0,0,0,0,0,0,0,0,0,0,0,0,0,0,0,0,0,0,0,0,0,0,0,0,0,0
Water_Waste,Food_Safetymeasures,0,0,0,0,0,0,0,0,0,0,0,0,0,0,0,0,0,0,0,0,0,0,0,0,0,0,0,0,0,0
Water_Waste,Geomorphology,1,0,2,0,0,0,1,3,3,1,0,0,0,0,0,1,0,1,0,0,0,0,0,3,0,0,0,0,0,0
Water_Waste,Food_Analysis,0,0,0,0,0,0,0,0,0,0,0,0,0,0,0,0,0,0,0,0,0,0,0,0,0,0,0,0,0,0
Water_Waste,Genomics,0,0,0,0,0,0,0,0,0,0,0,0,0,0,0,0,0,0,0,0,0,0,0,0,0,0,0,0,0,0
Water_Waste,Semiconductors,0,0,0,0,0,0,0,0,0,0,0,0,0,0,0,0,0,0,0,0,0,0,0,0,0,0,0,0,0,0
Water_Waste,Microbiology,0,0,0,0,0,0,0,0,0,0,0,0,0,0,0,0,0,0,0,0,0,0,0,0,0,0,0,0,0,0
Water_Waste,Biotechnology,0,0,0,0,0,0,0,0,0,0,0,0,0,0,0,0,0,0,0,0,0,0,0,0,0,0,0,0,0,0
Water_Waste,Molecularbiology_Methodology,0,0,0,0,0,0,0,0,0,0,0,0,0,0,0,0,0,0,0,0,0,0,0,0,0,0,0,0,0,0
Water_waste,Soilscience,5,0,1,1,0,0,2,5,5,1,0,0,0,0,1,1,0,0,0,0,0,0,0,1,0,0,0,0,0,0
Water_waste,Weeds_Control,0,0,0,0,0,0,0,0,0,0,0,0,0,0,0,0,0,0,0,0,0,0,0,0,0,0,0,0,0,0
Water_waste,Ecology_Mathematicalmodels,1,0,3,0,0,0,1,3,3,2,0,0,0,0,0,1,0,0,0,0,0,0,0,2,0,0,0,0,0,0
Water_waste,Plantdiseases,1,0,0,2,0,0,0,2,2,0,0,0,0,0,0,1,0,0,0,0,0,0,0,0,0,0,0,0,0,0
Water_waste,Veterinarymedicine,0,0,0,0,0,0,0,0,0,0,0,0,0,0,0,0,0,0,0,0,0,0,0,0,0,0,0,0,0,0
Water_waste,Dairying,0,0,0,0,0,0,0,0,0,0,0,0,0,0,0,0,0,0,0,0,0,0,0,0,0,0,0,0,0,0
Water_waste,Soils_Quality,2,0,1,0,0,0,2,2,2,1,0,0,0,0,0,1,0,0,0,0,0,0,0,1,0,0,0,0,0,0
Water_waste,Water_Waste,5,0,3,2,0,0,2,15,15,4,0,0,0,0,1,2,0,1,0,0,0,0,0,3,0,0,0,0,0,0
Water_waste,Water_waste,5,0,3,2,0,0,2,15,15,4,0,0,0,0,1,2,0,1,0,0,0,0,0,3,0,0,0,0,0,0
Water_waste,Agriculturalengineering,1,0,2,0,0,0,1,4,4,4,0,0,0,0,0,1,0,0,0,0,0,0,0,1,0,0,0,0,0,0
Water_waste,Foodcrops_Geneticengineering,0,0,0,0,0,0,0,0,0,0,0,0,0,0,0,0,0,0,0,0,0,0,0,0,0,0,0,0,0,0
Water_waste,Entomology,0,0,0,0,0,0,0,0,0,0,0,0,0,0,0,0,0,0,0,0,0,0,0,0,0,0,0,0,0,0
Water_waste,Insects_Physiology,0,0,0,0,0,0,0,0,0,0,0,0,0,0,0,0,0,0,0,0,0,0,0,0,0,0,0,0,0,0
Water_waste,Molecularecology,0,0,0,0,0,0,0,0,0,0,0,0,0,0,0,0,0,0,0,0,0,0,0,0,0,0,0,0,0,0
Water_waste,Forestsandforestry,1,0,0,0,0,0,0,1,1,0,0,0,0,0,1,0,0,0,0,0,0,0,0,0,0,0,0,0,0,0
Water_waste,Agriculture_Economicaspects,1,0,1,1,0,0,1,2,2,1,0,0,0,0,0,2,0,0,0,0,0,0,0,1,0,0,0,0,0,0
Water_waste,Pests_Control,0,0,0,0,0,0,0,0,0,0,0,0,0,0,0,0,0,0,0,0,0,0,0,0,0,0,0,0,0,0
Water_waste,Conservationbiology,0,0,0,0,0,0,0,1,1,0,0,0,0,0,0,0,0,1,0,0,0,0,0,1,0,0,0,0,0,0
Water_waste,Superconductors,0,0,0,0,0,0,0,0,0,0,0,0,0,0,0,0,0,0,0,0,0,0,0,0,0,0,0,0,0,0
Water_waste,Potatoes,0,0,0,0,0,0,0,0,0,0,0,0,0,0,0,0,0,0,0,0,0,0,0,0,0,0,0,0,0,0
Water_waste,Cropscience,0,0,0,0,0,0,0,0,0,0,0,0,0,0,0,0,0,0,0,0,0,0,0,0,0,0,0,0,0,0
Water_waste,Transportation_Research,0,0,0,0,0,0,0,0,0,0,0,0,0,0,0,0,0,0,0,0,0,0,0,0,0,0,0,0,0,0
Water_waste,Food_Safetymeasures,0,0,0,0,0,0,0,0,0,0,0,0,0,0,0,0,0,0,0,0,0,0,0,0,0,0,0,0,0,0
Water_waste,Geomorphology,1,0,2,0,0,0,1,3,3,1,0,0,0,0,0,1,0,1,0,0,0,0,0,3,0,0,0,0,0,0
Water_waste,Food_Analysis,0,0,0,0,0,0,0,0,0,0,0,0,0,0,0,0,0,0,0,0,0,0,0,0,0,0,0,0,0,0
Water_waste,Genomics,0,0,0,0,0,0,0,0,0,0,0,0,0,0,0,0,0,0,0,0,0,0,0,0,0,0,0,0,0,0
Water_waste,Semiconductors,0,0,0,0,0,0,0,0,0,0,0,0,0,0,0,0,0,0,0,0,0,0,0,0,0,0,0,0,0,0
Water_waste,Microbiology,0,0,0,0,0,0,0,0,0,0,0,0,0,0,0,0,0,0,0,0,0,0,0,0,0,0,0,0,0,0
Water_waste,Biotechnology,0,0,0,0,0,0,0,0,0,0,0,0,0,0,0,0,0,0,0,0,0,0,0,0,0,0,0,0,0,0
Water_waste,Molecularbiology_Methodology,0,0,0,0,0,0,0,0,0,0,0,0,0,0,0,0,0,0,0,0,0,0,0,0,0,0,0,0,0,0
Agriculturalengineering,Soilscience,4,1,1,0,1,2,2,1,1,4,0,0,0,0,0,1,0,0,0,2,0,0,0,1,0,0,0,0,0,0
Agriculturalengineering,Weeds_Control,1,2,1,0,0,0,2,0,0,2,0,1,1,0,1,0,0,0,0,1,0,0,0,0,0,0,0,0,0,0
Agriculturalengineering,Ecology_Mathematicalmodels,1,1,3,0,0,0,2,2,2,3,0,1,1,0,1,1,0,0,0,0,0,0,0,1,0,0,0,0,0,0
Agriculturalengineering,Plantdiseases,0,0,0,0,0,0,0,0,0,0,0,0,0,0,0,0,0,0,0,0,0,0,0,0,0,0,0,0,0,0
Agriculturalengineering,Veterinarymedicine,1,0,0,0,2,1,0,0,0,2,0,0,0,0,0,0,0,0,0,0,0,0,0,0,0,0,0,0,0,0
Agriculturalengineering,Dairying,2,0,0,0,1,2,0,0,0,2,0,0,0,0,0,0,0,0,0,1,0,0,0,0,0,0,0,0,0,0
Agriculturalengineering,Soils_Quality,2,2,2,0,0,0,3,1,1,3,0,1,1,0,1,1,0,0,0,1,0,0,0,1,0,0,0,0,0,0
Agriculturalengineering,Water_Waste,1,0,2,0,0,0,1,4,4,4,0,0,0,0,0,1,0,0,0,0,0,0,0,1,0,0,0,0,0,0
Agriculturalengineering,Water_waste,1,0,2,0,0,0,1,4,4,4,0,0,0,0,0,1,0,0,0,0,0,0,0,1,0,0,0,0,0,0
Agriculturalengineering,Agriculturalengineering,4,2,3,0,2,2,3,4,4,14,0,2,1,0,1,1,0,0,0,2,0,0,0,2,0,0,0,1,0,0
Agriculturalengineering,Foodcrops_Geneticengineering,0,0,0,0,0,0,0,0,0,0,0,0,0,0,0,0,0,0,0,0,0,0,0,0,0,0,0,0,0,0
Agriculturalengineering,Entomology,0,1,1,0,0,0,1,0,0,2,0,2,1,0,1,0,0,0,0,0,0,0,0,0,0,0,0,0,0,0
Agriculturalengineering,Insects_Physiology,0,1,1,0,0,0,1,0,0,1,0,1,1,0,1,0,0,0,0,0,0,0,0,0,0,0,0,0,0,0
Agriculturalengineering,Molecularecology,0,0,0,0,0,0,0,0,0,0,0,0,0,0,0,0,0,0,0,0,0,0,0,0,0,0,0,0,0,0
Agriculturalengineering,Forestsandforestry,0,1,1,0,0,0,1,0,0,1,0,1,1,0,1,0,0,0,0,0,0,0,0,0,0,0,0,0,0,0
Agriculturalengineering,Agriculture_Economicaspects,1,0,1,0,0,0,1,1,1,1,0,0,0,0,0,1,0,0,0,0,0,0,0,1,0,0,0,0,0,0
Agriculturalengineering,Pests_Control,0,0,0,0,0,0,0,0,0,0,0,0,0,0,0,0,0,0,0,0,0,0,0,0,0,0,0,0,0,0
Agriculturalengineering,Conservationbiology,0,0,0,0,0,0,0,0,0,0,0,0,0,0,0,0,0,0,0,0,0,0,0,0,0,0,0,0,0,0
Agriculturalengineering,Superconductors,0,0,0,0,0,0,0,0,0,0,0,0,0,0,0,0,0,0,0,0,0,0,0,0,0,0,0,0,0,0
Agriculturalengineering,Potatoes,2,1,0,0,0,1,1,0,0,2,0,0,0,0,0,0,0,0,0,2,0,0,0,0,0,0,0,0,0,0
Agriculturalengineering,Cropscience,0,0,0,0,0,0,0,0,0,0,0,0,0,0,0,0,0,0,0,0,0,0,0,0,0,0,0,0,0,0
Agriculturalengineering,Transportation_Research,0,0,0,0,0,0,0,0,0,0,0,0,0,0,0,0,0,0,0,0,0,0,0,0,0,0,0,0,0,0
Agriculturalengineering,Food_Safetymeasures,0,0,0,0,0,0,0,0,0,0,0,0,0,0,0,0,0,0,0,0,0,0,0,0,0,0,0,0,0,0
Agriculturalengineering,Geomorphology,1,0,1,0,0,0,1,1,1,2,0,0,0,0,0,1,0,0,0,0,0,0,0,2,0,0,0,0,0,0
Agriculturalengineering,Food_Analysis,0,0,0,0,0,0,0,0,0,0,0,0,0,0,0,0,0,0,0,0,0,0,0,0,0,0,0,0,0,0
Agriculturalengineering,Genomics,0,0,0,0,0,0,0,0,0,0,0,0,0,0,0,0,0,0,0,0,0,0,0,0,0,0,0,0,0,0
Agriculturalengineering,Semiconductors,0,0,0,0,0,0,0,0,0,0,0,0,0,0,0,0,0,0,0,0,0,0,0,0,0,0,0,0,0,0
Agriculturalengineering,Microbiology,0,0,0,0,0,0,0,0,0,1,0,0,0,0,0,0,0,0,0,0,0,0,0,0,0,0,0,1,0,0
Agriculturalengineering,Biotechnology,0,0,0,0,0,0,0,0,0,0,0,0,0,0,0,0,0,0,0,0,0,0,0,0,0,0,0,0,0,0
Agriculturalengineering,Molecularbiology_Methodology,0,0,0,0,0,0,0,0,0,0,0,0,0,0,0,0,0,0,0,0,0,0,0,0,0,0,0,0,0,0
Foodcrops_Geneticengineering,Soilscience,2,2,0,2,0,1,1,0,0,0,2,0,1,0,0,0,2,0,0,0,1,0,0,0,1,0,0,0,0,0
Foodcrops_Geneticengineering,Weeds_Control,2,2,0,2,0,1,1,0,0,0,2,0,1,0,0,0,2,0,0,0,1,0,0,0,1,0,0,0,0,0
Foodcrops_Geneticengineering,Ecology_Mathematicalmodels,0,0,0,0,0,0,0,0,0,0,0,0,0,0,0,0,0,0,0,0,0,0,0,0,0,0,0,0,0,0
Foodcrops_Geneticengineering,Plantdiseases,2,2,0,2,0,1,1,0,0,0,2,0,1,0,0,0,2,0,0,0,1,0,0,0,1,0,0,0,0,0
Foodcrops_Geneticengineering,Veterinarymedicine,0,0,0,0,5,3,0,0,0,0,5,0,0,1,0,0,0,0,0,1,0,0,0,0,0,2,0,0,0,1
Foodcrops_Geneticengineering,Dairying,1,1,0,1,3,6,0,0,0,0,6,0,0,0,0,0,1,0,0,1,1,0,2,0,2,0,0,0,0,0
Foodcrops_Geneticengineering,Soils_Quality,1,1,0,1,0,0,1,0,0,0,1,0,1,0,0,0,1,0,0,0,0,0,0,0,1,0,0,0,0,0
Foodcrops_Geneticengineering,Water_Waste,0,0,0,0,0,0,0,0,0,0,0,0,0,0,0,0,0,0,0,0,0,0,0,0,0,0,0,0,0,0
Foodcrops_Geneticengineering,Water_waste,0,0,0,0,0,0,0,0,0,0,0,0,0,0,0,0,0,0,0,0,0,0,0,0,0,0,0,0,0,0
Foodcrops_Geneticengineering,Agriculturalengineering,0,0,0,0,0,0,0,0,0,0,0,0,0,0,0,0,0,0,0,0,0,0,0,0,0,0,0,0,0,0
Foodcrops_Geneticengineering,Foodcrops_Geneticengineering,2,2,0,2,5,6,1,0,0,0,13,0,1,1,0,0,2,0,0,1,1,0,4,0,7,2,0,0,0,1
Foodcrops_Geneticengineering,Entomology,0,0,0,0,0,0,0,0,0,0,0,0,0,0,0,0,0,0,0,0,0,0,0,0,0,0,0,0,0,0
Foodcrops_Geneticengineering,Insects_Physiology,1,1,0,1,0,0,1,0,0,0,1,0,1,0,0,0,1,0,0,0,0,0,0,0,1,0,0,0,0,0
Foodcrops_Geneticengineering,Molecularecology,0,0,0,0,1,0,0,0,0,0,1,0,0,1,0,0,0,0,0,0,0,0,0,0,0,1,0,0,0,1
Foodcrops_Geneticengineering,Forestsandforestry,0,0,0,0,0,0,0,0,0,0,0,0,0,0,0,0,0,0,0,0,0,0,0,0,0,0,0,0,0,0
Foodcrops_Geneticengineering,Agriculture_Economicaspects,0,0,0,0,0,0,0,0,0,0,0,0,0,0,0,0,0,0,0,0,0,0,0,0,0,0,0,0,0,0
Foodcrops_Geneticengineering,Pests_Control,2,2,0,2,0,1,1,0,0,0,2,0,1,0,0,0,2,0,0,0,1,0,0,0,1,0,0,0,0,0
Foodcrops_Geneticengineering,Conservationbiology,0,0,0,0,0,0,0,0,0,0,0,0,0,0,0,0,0,0,0,0,0,0,0,0,0,0,0,0,0,0
Foodcrops_Geneticengineering,Superconductors,0,0,0,0,0,0,0,0,0,0,0,0,0,0,0,0,0,0,0,0,0,0,0,0,0,0,0,0,0,0
Foodcrops_Geneticengineering,Potatoes,0,0,0,0,1,1,0,0,0,0,1,0,0,0,0,0,0,0,0,1,0,0,0,0,0,0,0,0,0,0
Foodcrops_Geneticengineering,Cropscience,1,1,0,1,0,1,0,0,0,0,1,0,0,0,0,0,1,0,0,0,1,0,0,0,0,0,0,0,0,0
Foodcrops_Geneticengineering,Transportation_Research,0,0,0,0,0,0,0,0,0,0,0,0,0,0,0,0,0,0,0,0,0,0,0,0,0,0,0,0,0,0
Foodcrops_Geneticengineering,Food_Safetymeasures,0,0,0,0,0,2,0,0,0,0,4,0,0,0,0,0,0,0,0,0,0,0,4,0,4,0,0,0,0,0
Foodcrops_Geneticengineering,Geomorphology,0,0,0,0,0,0,0,0,0,0,0,0,0,0,0,0,0,0,0,0,0,0,0,0,0,0,0,0,0,0
Foodcrops_Geneticengineering,Food_Analysis,1,1,0,1,0,2,1,0,0,0,7,0,1,0,0,0,1,0,0,0,0,0,4,0,7,0,0,0,0,0
Foodcrops_Geneticengineering,Genomics,0,0,0,0,2,0,0,0,0,0,2,0,0,1,0,0,0,0,0,0,0,0,0,0,0,2,0,0,0,1
Foodcrops_Geneticengineering,Semiconductors,0,0,0,0,0,0,0,0,0,0,0,0,0,0,0,0,0,0,0,0,0,0,0,0,0,0,0,0,0,0
Foodcrops_Geneticengineering,Microbiology,0,0,0,0,0,0,0,0,0,0,0,0,0,0,0,0,0,0,0,0,0,0,0,0,0,0,0,0,0,0
Foodcrops_Geneticengineering,Biotechnology,0,0,0,0,0,0,0,0,0,0,0,0,0,0,0,0,0,0,0,0,0,0,0,0,0,0,0,0,0,0
Foodcrops_Geneticengineering,Molecularbiology_Methodology,0,0,0,0,1,0,0,0,0,0,1,0,0,1,0,0,0,0,0,0,0,0,0,0,0,1,0,0,0,1
Entomology,Soilscience,2,0,0,0,0,0,2,0,0,0,0,2,0,0,0,0,0,1,0,0,0,0,0,0,0,0,0,0,0,0
Entomology,Weeds_Control,0,4,2,3,0,0,1,0,0,1,0,4,2,0,2,0,1,0,0,1,1,0,0,0,0,0,0,0,0,0
Entomology,Ecology_Mathematicalmodels,0,2,4,1,0,0,2,0,0,1,0,4,3,0,2,0,2,1,0,0,0,0,0,0,0,0,0,0,0,0
Entomology,Plantdiseases,0,3,1,5,0,0,0,0,0,0,0,5,2,1,1,0,3,1,0,1,2,0,0,0,0,0,0,0,0,0
Entomology,Veterinarymedicine,0,0,0,0,0,0,0,0,0,0,0,0,0,0,0,0,0,0,0,0,0,0,0,0,0,0,0,0,0,0
Entomology,Dairying,0,0,0,0,0,0,0,0,0,0,0,0,0,0,0,0,0,0,0,0,0,0,0,0,0,0,0,0,0,0
Entomology,Soils_Quality,2,1,2,0,0,0,4,0,0,1,0,4,1,0,1,0,1,1,0,0,0,0,0,0,0,0,0,0,0,0
Entomology,Water_Waste,0,0,0,0,0,0,0,0,0,0,0,0,0,0,0,0,0,0,0,0,0,0,0,0,0,0,0,0,0,0
Entomology,Water_waste,0,0,0,0,0,0,0,0,0,0,0,0,0,0,0,0,0,0,0,0,0,0,0,0,0,0,0,0,0,0
Entomology,Agriculturalengineering,0,1,1,0,0,0,1,0,0,2,0,2,1,0,1,0,0,0,0,0,0,0,0,0,0,0,0,0,0,0
Entomology,Foodcrops_Geneticengineering,0,0,0,0,0,0,0,0,0,0,0,0,0,0,0,0,0,0,0,0,0,0,0,0,0,0,0,0,0,0
Entomology,Entomology,2,4,4,5,0,0,4,0,0,2,0,13,5,1,3,0,6,3,0,1,2,0,0,0,0,0,0,0,0,0
Entomology,Insects_Physiology,0,2,3,2,0,0,1,0,0,1,0,5,5,1,2,0,3,2,0,0,1,0,0,0,0,0,0,0,0,0
Entomology,Molecularecology,0,0,0,1,0,0,0,0,0,0,0,1,1,1,0,0,1,1,0,0,1,0,0,0,0,0,0,0,0,0
Entomology,Forestsandforestry,0,2,2,1,0,0,1,0,0,1,0,3,2,0,3,0,2,0,0,0,0,0,0,0,0,0,0,0,0,0
Entomology,Agriculture_Economicaspects,0,0,0,0,0,0,0,0,0,0,0,0,0,0,0,0,0,0,0,0,0,0,0,0,0,0,0,0,0,0
Entomology,Pests_Control,0,1,2,3,0,0,1,0,0,0,0,6,3,1,2,0,6,1,0,0,1,0,0,0,0,0,0,0,0,0
Entomology,Conservationbiology,1,0,1,1,0,0,1,0,0,0,0,3,2,1,0,0,1,3,0,0,1,0,0,0,0,0,0,0,0,0
Entomology,Superconductors,0,0,0,0,0,0,0,0,0,0,0,0,0,0,0,0,0,0,0,0,0,0,0,0,0,0,0,0,0,0
Entomology,Potatoes,0,1,0,1,0,0,0,0,0,0,0,1,0,0,0,0,0,0,0,1,0,0,0,0,0,0,0,0,0,0
Entomology,Cropscience,0,1,0,2,0,0,0,0,0,0,0,2,1,1,0,0,1,1,0,0,2,0,0,0,0,0,0,0,0,0
Entomology,Transportation_Research,0,0,0,0,0,0,0,0,0,0,0,0,0,0,0,0,0,0,0,0,0,0,0,0,0,0,0,0,0,0
Entomology,Food_Safetymeasures,0,0,0,0,0,0,0,0,0,0,0,0,0,0,0,0,0,0,0,0,0,0,0,0,0,0,0,0,0,0
Entomology,Geomorphology,0,0,0,0,0,0,0,0,0,0,0,0,0,0,0,0,0,0,0,0,0,0,0,0,0,0,0,0,0,0
Entomology,Food_Analysis,0,0,0,0,0,0,0,0,0,0,0,0,0,0,0,0,0,0,0,0,0,0,0,0,0,0,0,0,0,0
Entomology,Genomics,0,0,0,0,0,0,0,0,0,0,0,0,0,0,0,0,0,0,0,0,0,0,0,0,0,0,0,0,0,0
Entomology,Semiconductors,0,0,0,0,0,0,0,0,0,0,0,0,0,0,0,0,0,0,0,0,0,0,0,0,0,0,0,0,0,0
Entomology,Microbiology,0,0,0,0,0,0,0,0,0,0,0,0,0,0,0,0,0,0,0,0,0,0,0,0,0,0,0,0,0,0
Entomology,Biotechnology,0,0,0,0,0,0,0,0,0,0,0,0,0,0,0,0,0,0,0,0,0,0,0,0,0,0,0,0,0,0
Entomology,Molecularbiology_Methodology,0,0,0,0,0,0,0,0,0,0,0,0,0,0,0,0,0,0,0,0,0,0,0,0,0,0,0,0,0,0
Insects_Physiology,Soilscience,2,2,0,2,0,0,1,0,0,0,1,0,2,0,0,0,1,0,0,0,0,0,0,0,1,0,0,0,0,0
Insects_Physiology,Weeds_Control,2,8,2,6,1,1,3,0,0,1,1,2,8,0,3,0,3,0,0,2,0,0,0,0,1,0,0,0,0,0
Insects_Physiology,Ecology_Mathematicalmodels,0,2,3,1,0,0,1,0,0,1,0,3,3,0,2,0,1,1,0,0,0,0,0,0,0,0,0,0,0,0
Insects_Physiology,Plantdiseases,2,6,1,8,0,0,1,0,0,0,1,2,8,1,1,0,4,1,0,3,1,0,0,0,1,0,0,0,0,0
Insects_Physiology,Veterinarymedicine,0,1,0,0,1,1,1,0,0,0,0,0,1,0,1,0,0,0,0,0,0,0,0,0,0,0,0,0,0,0
Insects_Physiology,Dairying,0,1,0,0,1,1,1,0,0,0,0,0,1,0,1,0,0,0,0,0,0,0,0,0,0,0,0,0,0,0
Insects_Physiology,Soils_Quality,1,3,1,1,1,1,3,0,0,1,1,1,3,0,2,0,1,0,0,0,0,0,0,0,1,0,0,0,0,0
Insects_Physiology,Water_Waste,0,0,0,0,0,0,0,0,0,0,0,0,0,0,0,0,0,0,0,0,0,0,0,0,0,0,0,0,0,0
Insects_Physiology,Water_waste,0,0,0,0,0,0,0,0,0,0,0,0,0,0,0,0,0,0,0,0,0,0,0,0,0,0,0,0,0,0
Insects_Physiology,Agriculturalengineering,0,1,1,0,0,0,1,0,0,1,0,1,1,0,1,0,0,0,0,0,0,0,0,0,0,0,0,0,0,0
Insects_Physiology,Foodcrops_Geneticengineering,1,1,0,1,0,0,1,0,0,0,1,0,1,0,0,0,1,0,0,0,0,0,0,0,1,0,0,0,0,0
Insects_Physiology,Entomology,0,2,3,2,0,0,1,0,0,1,0,5,5,1,2,0,3,2,0,0,1,0,0,0,0,0,0,0,0,0
Insects_Physiology,Insects_Physiology,2,8,3,8,1,1,3,0,0,1,1,5,13,1,3,0,5,2,0,3,1,0,0,0,1,0,0,0,0,0
Insects_Physiology,Molecularecology,0,0,0,1,0,0,0,0,0,0,0,1,1,1,0,0,1,1,0,0,1,0,0,0,0,0,0,0,0,0
Insects_Physiology,Forestsandforestry,0,3,2,1,1,1,2,0,0,1,0,2,3,0,3,0,1,0,0,0,0,0,0,0,0,0,0,0,0,0
Insects_Physiology,Agriculture_Economicaspects,0,0,0,0,0,0,0,0,0,0,0,0,0,0,0,0,0,0,0,0,0,0,0,0,0,0,0,0,0,0
Insects_Physiology,Pests_Control,1,3,1,4,0,0,1,0,0,0,1,3,5,1,1,0,5,1,0,0,1,0,0,0,1,0,0,0,0,0
Insects_Physiology,Conservationbiology,0,0,1,1,0,0,0,0,0,0,0,2,2,1,0,0,1,2,0,0,1,0,0,0,0,0,0,0,0,0
Insects_Physiology,Superconductors,0,0,0,0,0,0,0,0,0,0,0,0,0,0,0,0,0,0,0,0,0,0,0,0,0,0,0,0,0,0
Insects_Physiology,Potatoes,0,2,0,3,0,0,0,0,0,0,0,0,3,0,0,0,0,0,0,3,0,0,0,0,0,0,0,0,0,0
Insects_Physiology,Cropscience,0,0,0,1,0,0,0,0,0,0,0,1,1,1,0,0,1,1,0,0,1,0,0,0,0,0,0,0,0,0
Insects_Physiology,Transportation_Research,0,0,0,0,0,0,0,0,0,0,0,0,0,0,0,0,0,0,0,0,0,0,0,0,0,0,0,0,0,0
Insects_Physiology,Food_Safetymeasures,0,0,0,0,0,0,0,0,0,0,0,0,0,0,0,0,0,0,0,0,0,0,0,0,0,0,0,0,0,0
Insects_Physiology,Geomorphology,0,0,0,0,0,0,0,0,0,0,0,0,0,0,0,0,0,0,0,0,0,0,0,0,0,0,0,0,0,0
Insects_Physiology,Food_Analysis,1,1,0,1,0,0,1,0,0,0,1,0,1,0,0,0,1,0,0,0,0,0,0,0,1,0,0,0,0,0
Insects_Physiology,Genomics,0,0,0,0,0,0,0,0,0,0,0,0,0,0,0,0,0,0,0,0,0,0,0,0,0,0,0,0,0,0
Insects_Physiology,Semiconductors,0,0,0,0,0,0,0,0,0,0,0,0,0,0,0,0,0,0,0,0,0,0,0,0,0,0,0,0,0,0
Insects_Physiology,Microbiology,0,0,0,0,0,0,0,0,0,0,0,0,0,0,0,0,0,0,0,0,0,0,0,0,0,0,0,0,0,0
Insects_Physiology,Biotechnology,0,0,0,0,0,0,0,0,0,0,0,0,0,0,0,0,0,0,0,0,0,0,0,0,0,0,0,0,0,0
Insects_Physiology,Molecularbiology_Methodology,0,0,0,0,0,0,0,0,0,0,0,0,0,0,0,0,0,0,0,0,0,0,0,0,0,0,0,0,0,0
Molecularecology,Soilscience,1,0,0,0,1,0,0,0,0,0,0,0,0,1,0,1,0,1,0,0,0,1,0,0,0,0,0,0,0,0
Molecularecology,Weeds_Control,0,0,0,0,0,0,0,0,0,0,0,0,0,0,0,0,0,0,0,0,0,0,0,0,0,0,0,0,0,0
Molecularecology,Ecology_Mathematicalmodels,0,0,5,0,0,0,0,0,0,0,0,0,0,5,3,0,0,4,0,0,0,0,0,1,0,0,0,0,0,0
Molecularecology,Plantdiseases,0,0,0,1,0,0,0,0,0,0,0,1,1,1,0,0,1,1,0,0,1,0,0,0,0,0,0,0,0,0
Molecularecology,Veterinarymedicine,1,0,0,0,3,0,0,0,0,0,1,0,0,3,0,1,0,1,0,0,0,1,0,0,0,2,0,0,0,1
Molecularecology,Dairying,0,0,0,0,0,0,0,0,0,0,0,0,0,0,0,0,0,0,0,0,0,0,0,0,0,0,0,0,0,0
Molecularecology,Soils_Quality,0,0,0,0,0,0,0,0,0,0,0,0,0,0,0,0,0,0,0,0,0,0,0,0,0,0,0,0,0,0
Molecularecology,Water_Waste,0,0,0,0,0,0,0,0,0,0,0,0,0,0,0,0,0,0,0,0,0,0,0,0,0,0,0,0,0,0
Molecularecology,Water_waste,0,0,0,0,0,0,0,0,0,0,0,0,0,0,0,0,0,0,0,0,0,0,0,0,0,0,0,0,0,0
Molecularecology,Agriculturalengineering,0,0,0,0,0,0,0,0,0,0,0,0,0,0,0,0,0,0,0,0,0,0,0,0,0,0,0,0,0,0
Molecularecology,Agriculturalengineering,0,0,0,0,0,0,0,0,0,0,0,0,0,0,0,0,0,0,0,0,0,0,0,0,0,0,0,0,0,0
Molecularecology,Foodcrops_Geneticengineering,0,0,0,0,1,0,0,0,0,0,1,0,0,1,0,0,0,0,0,0,0,0,0,0,0,1,0,0,0,1
Molecularecology,Entomology,0,0,0,1,0,0,0,0,0,0,0,1,1,1,0,0,1,1,0,0,1,0,0,0,0,0,0,0,0,0
Molecularecology,Insects_Physiology,0,0,0,1,0,0,0,0,0,0,0,1,1,1,0,0,1,1,0,0,1,0,0,0,0,0,0,0,0,0
Molecularecology,Molecularecology,1,0,5,1,3,0,0,0,0,0,1,1,1,12,3,1,1,6,0,0,2,1,0,1,0,5,0,0,0,2
Molecularecology,Forestsandforestry,0,0,3,0,0,0,0,0,0,0,0,0,0,3,3,0,0,2,0,0,0,0,0,0,0,0,0,0,0,0
Molecularecology,Agriculture_Economicaspects,1,0,0,0,1,0,0,0,0,0,0,0,0,1,0,1,0,1,0,0,0,1,0,0,0,0,0,0,0,0
Molecularecology,Pests_Control,0,0,0,1,0,0,0,0,0,0,0,1,1,1,0,0,1,1,0,0,1,0,0,0,0,0,0,0,0,0
Molecularecology,Conservationbiology,1,0,4,1,1,0,0,0,0,0,0,1,1,6,2,1,1,6,0,0,1,1,0,1,0,0,0,0,0,0
Molecularecology,Superconductors,0,0,0,0,0,0,0,0,0,0,0,0,0,0,0,0,0,0,0,0,0,0,0,0,0,0,0,0,0,0
Molecularecology,Potatoes,0,0,0,0,0,0,0,0,0,0,0,0,0,0,0,0,0,0,0,0,0,0,0,0,0,0,0,0,0,0
Molecularecology,Cropscience,0,0,0,1,0,0,0,0,0,0,0,1,1,2,0,0,1,1,0,0,2,0,0,0,0,1,0,0,0,1
Molecularecology,Transportation_Research,1,0,0,0,1,0,0,0,0,0,0,0,0,1,0,1,0,1,0,0,0,1,0,0,0,0,0,0,0,0
Molecularecology,Food_Safetymeasures,0,0,0,0,0,0,0,0,0,0,0,0,0,0,0,0,0,0,0,0,0,0,0,0,0,0,0,0,0,0
Molecularecology,Geomorphology,0,0,1,0,0,0,0,0,0,0,0,0,0,1,0,0,0,1,0,0,0,0,0,1,0,0,0,0,0,0
Molecularecology,Food_Analysis,0,0,0,0,0,0,0,0,0,0,0,0,0,0,0,0,0,0,0,0,0,0,0,0,0,0,0,0,0,0
Molecularecology,Genomics,0,0,0,0,2,0,0,0,0,0,1,0,0,5,0,0,0,0,0,0,1,0,0,0,0,5,0,0,0,2
Molecularecology,Semiconductors,0,0,0,0,0,0,0,0,0,0,0,0,0,0,0,0,0,0,0,0,0,0,0,0,0,0,0,0,0,0
Molecularecology,Microbiology,0,0,0,0,0,0,0,0,0,0,0,0,0,0,0,0,0,0,0,0,0,0,0,0,0,0,0,0,0,0
Molecularecology,Biotechnology,0,0,0,0,0,0,0,0,0,0,0,0,0,0,0,0,0,0,0,0,0,0,0,0,0,0,0,0,0,0
Molecularecology,Molecularbiology_Methodology,0,0,0,0,1,0,0,0,0,0,1,0,0,2,0,0,0,0,0,0,1,0,0,0,0,2,0,0,0,2
Forestsandforestry,Soilscience,4,0,1,0,0,0,1,1,1,0,0,0,0,0,4,0,0,1,0,0,0,0,0,2,0,0,0,0,0,0
Forestsandforestry,Weeds_Control,0,3,2,1,1,1,2,0,0,1,0,2,3,0,3,0,1,0,0,0,0,0,0,0,0,0,0,0,0,0
Forestsandforestry,Ecology_Mathematicalmodels,1,2,7,1,0,0,1,0,0,1,0,2,2,3,7,0,1,2,0,0,0,0,0,1,0,0,0,0,0,0
Forestsandforestry,Plantdiseases,0,1,1,1,0,0,0,0,0,0,0,1,1,0,1,0,1,0,0,0,0,0,0,0,0,0,0,0,0,0
Forestsandforestry,Veterinarymedicine,0,1,0,0,1,1,1,0,0,0,0,0,1,0,1,0,0,0,0,0,0,0,0,0,0,0,0,0,0,0
Forestsandforestry,Dairying,0,1,0,0,1,1,1,0,0,0,0,0,1,0,1,0,0,0,0,0,0,0,0,0,0,0,0,0,0,0
Forestsandforestry,Soils_Quality,1,2,1,0,1,1,3,0,0,1,0,1,2,0,3,0,0,1,0,0,0,0,0,1,0,0,0,0,0,0
Forestsandforestry,Water_Waste,1,0,0,0,0,0,0,1,1,0,0,0,0,0,1,0,0,0,0,0,0,0,0,0,0,0,0,0,0,0
Forestsandforestry,Water_waste,1,0,0,0,0,0,0,1,1,0,0,0,0,0,1,0,0,0,0,0,0,0,0,0,0,0,0,0,0,0
Forestsandforestry,Agriculturalengineering,0,1,1,0,0,0,1,0,0,1,0,1,1,0,1,0,0,0,0,0,0,0,0,0,0,0,0,0,0,0
Forestsandforestry,Foodcrops_Geneticengineering,0,0,0,0,0,0,0,0,0,0,0,0,0,0,0,0,0,0,0,0,0,0,0,0,0,0,0,0,0,0
Forestsandforestry,Entomology,0,2,2,1,0,0,1,0,0,1,0,3,2,0,3,0,2,0,0,0,0,0,0,0,0,0,0,0,0,0
Forestsandforestry,Insects_Physiology,0,3,2,1,1,1,2,0,0,1,0,2,3,0,3,0,1,0,0,0,0,0,0,0,0,0,0,0,0,0
Forestsandforestry,Molecularecology,0,0,3,0,0,0,0,0,0,0,0,0,0,3,3,0,0,2,0,0,0,0,0,0,0,0,0,0,0,0
Forestsandforestry,Forestsandforestry,4,3,7,1,1,1,3,1,1,1,0,3,3,3,12,0,2,3,0,0,0,0,0,2,0,0,0,0,0,0
Forestsandforestry,Agriculture_Economicaspects,0,0,0,0,0,0,0,0,0,0,0,0,0,0,0,0,0,0,0,0,0,0,0,0,0,0,0,0,0,0
Forestsandforestry,Pests_Control,0,1,1,1,0,0,0,0,0,0,0,2,1,0,2,0,2,0,0,0,0,0,0,0,0,0,0,0,0,0
Forestsandforestry,Conservationbiology,1,0,2,0,0,0,1,0,0,0,0,0,0,2,3,0,0,3,0,0,0,0,0,1,0,0,0,0,0,0
Forestsandforestry,Superconductors,0,0,0,0,0,0,0,0,0,0,0,0,0,0,0,0,0,0,0,0,0,0,0,0,0,0,0,0,0,0
Forestsandforestry,Potatoes,0,0,0,0,0,0,0,0,0,0,0,0,0,0,0,0,0,0,0,0,0,0,0,0,0,0,0,0,0,0
Forestsandforestry,Cropscience,0,0,0,0,0,0,0,0,0,0,0,0,0,0,0,0,0,0,0,0,0,0,0,0,0,0,0,0,0,0
Forestsandforestry,Transportation_Research,0,0,0,0,0,0,0,0,0,0,0,0,0,0,0,0,0,0,0,0,0,0,0,0,0,0,0,0,0,0
Forestsandforestry,Food_Safetymeasures,0,0,0,0,0,0,0,0,0,0,0,0,0,0,0,0,0,0,0,0,0,0,0,0,0,0,0,0,0,0
Forestsandforestry,Geomorphology,2,0,1,0,0,0,1,0,0,0,0,0,0,0,2,0,0,1,0,0,0,0,0,2,0,0,0,0,0,0
Forestsandforestry,Food_Analysis,0,0,0,0,0,0,0,0,0,0,0,0,0,0,0,0,0,0,0,0,0,0,0,0,0,0,0,0,0,0
Forestsandforestry,Genomics,0,0,0,0,0,0,0,0,0,0,0,0,0,0,0,0,0,0,0,0,0,0,0,0,0,0,0,0,0,0
Forestsandforestry,Semiconductors,0,0,0,0,0,0,0,0,0,0,0,0,0,0,0,0,0,0,0,0,0,0,0,0,0,0,0,0,0,0
Forestsandforestry,Microbiology,0,0,0,0,0,0,0,0,0,0,0,0,0,0,0,0,0,0,0,0,0,0,0,0,0,0,0,0,0,0
Forestsandforestry,Biotechnology,0,0,0,0,0,0,0,0,0,0,0,0,0,0,0,0,0,0,0,0,0,0,0,0,0,0,0,0,0,0
Forestsandforestry,Molecularbiology_Methodology,0,0,0,0,0,0,0,0,0,0,0,0,0,0,0,0,0,0,0,0,0,0,0,0,0,0,0,0,0,0
Agriculture_Economicaspects,Soilscience,4,0,1,0,1,0,1,1,1,1,0,0,0,1,0,4,0,1,0,0,0,1,0,1,0,0,0,0,0,0
Agriculture_Economicaspects,Weeds_Control,0,0,0,0,0,0,0,0,0,0,0,0,0,0,0,0,0,0,0,0,0,0,0,0,0,0,0,0,0,0
Agriculture_Economicaspects,Ecology_Mathematicalmodels,1,0,2,0,0,0,1,1,1,1,0,0,0,0,0,2,0,0,0,0,0,0,1,1,0,0,0,0,0,0
Agriculture_Economicaspects,Plantdiseases,0,0,0,1,0,0,0,1,1,0,0,0,0,0,0,1,0,0,0,0,0,0,0,0,0,0,0,0,0,0
Agriculture_Economicaspects,Veterinarymedicine,1,0,0,0,1,0,0,0,0,0,0,0,0,1,0,1,0,1,0,0,0,1,0,0,0,0,0,0,0,0
Agriculture_Economicaspects,Dairying,0,0,0,0,0,0,0,0,0,0,0,0,0,0,0,0,0,0,0,0,0,0,0,0,0,0,0,0,0,0
Agriculture_Economicaspects,Soils_Quality,1,0,1,0,0,0,1,1,1,1,0,0,0,0,0,1,0,0,0,0,0,0,0,1,0,0,0,0,0,0
Agriculture_Economicaspects,Water_Waste,1,0,1,1,0,0,1,2,2,1,0,0,0,0,0,2,0,0,0,0,0,0,0,1,0,0,0,0,0,0
Agriculture_Economicaspects,Water_waste,1,0,1,1,0,0,1,2,2,1,0,0,0,0,0,2,0,0,0,0,0,0,0,1,0,0,0,0,0,0
Agriculture_Economicaspects,Agriculturalengineering,1,0,1,0,0,0,1,1,1,1,0,0,0,0,0,1,0,0,0,0,0,0,0,1,0,0,0,0,0,0
Agriculture_Economicaspects,Foodcrops_Geneticengineering,0,0,0,0,0,0,0,0,0,0,0,0,0,0,0,0,0,0,0,0,0,0,0,0,0,0,0,0,0,0
Agriculture_Economicaspects,Entomology,0,0,0,0,0,0,0,0,0,0,0,0,0,0,0,0,0,0,0,0,0,0,0,0,0,0,0,0,0,0
Agriculture_Economicaspects,Insects_Physiology,0,0,0,0,0,0,0,0,0,0,0,0,0,0,0,0,0,0,0,0,0,0,0,0,0,0,0,0,0,0
Agriculture_Economicaspects,Molecularecology,1,0,0,0,1,0,0,0,0,0,0,0,0,1,0,1,0,1,0,0,0,1,0,0,0,0,0,0,0,0
Agriculture_Economicaspects,Forestsandforestry,0,0,0,0,0,0,0,0,0,0,0,0,0,0,0,0,0,0,0,0,0,0,0,0,0,0,0,0,0,0
Agriculture_Economicaspects,Agriculture_Economicaspects,4,0,2,1,1,0,1,2,2,1,0,0,0,1,0,12,0,1,0,0,0,1,1,1,0,0,0,0,0,0
Agriculture_Economicaspects,Pests_Control,0,0,0,0,0,0,0,0,0,0,0,0,0,0,0,0,0,0,0,0,0,0,0,0,0,0,0,0,0,0
Agriculture_Economicaspects,Conservationbiology,1,0,0,0,1,0,0,0,0,0,0,0,0,1,0,1,0,1,0,0,0,1,0,0,0,0,0,0,0,0
Agriculture_Economicaspects,Superconductors,0,0,0,0,0,0,0,0,0,0,0,0,0,0,0,0,0,0,0,0,0,0,0,0,0,0,0,0,0,0
Agriculture_Economicaspects,Potatoes,0,0,0,0,0,0,0,0,0,0,0,0,0,0,0,0,0,0,0,0,0,0,0,0,0,0,0,0,0,0
Agriculture_Economicaspects,Cropscience,0,0,0,0,0,0,0,0,0,0,0,0,0,0,0,0,0,0,0,0,0,0,0,0,0,0,0,0,0,0
Agriculture_Economicaspects,Transportation_Research,1,0,0,0,1,0,0,0,0,0,0,0,0,1,0,1,0,1,0,0,0,1,0,0,0,0,0,0,0,0
Agriculture_Economicaspects,Food_Safetymeasures,0,0,1,0,0,0,0,0,0,0,0,0,0,0,0,1,0,0,0,0,0,0,1,0,0,0,0,0,0,0
Agriculture_Economicaspects,Geomorphology,1,0,1,0,0,0,1,1,1,1,0,0,0,0,0,1,0,0,0,0,0,0,0,1,0,0,0,0,0,0
Agriculture_Economicaspects,Food_Analysis,0,0,0,0,0,0,0,0,0,0,0,0,0,0,0,0,0,0,0,0,0,0,0,0,0,0,0,0,0,0
Agriculture_Economicaspects,Genomics,0,0,0,0,0,0,0,0,0,0,0,0,0,0,0,0,0,0,0,0,0,0,0,0,0,0,0,0,0,0
Agriculture_Economicaspects,Semiconductors,0,0,0,0,0,0,0,0,0,0,0,0,0,0,0,0,0,0,0,0,0,0,0,0,0,0,0,0,0,0
Agriculture_Economicaspects,Microbiology,0,0,0,0,0,0,0,0,0,0,0,0,0,0,0,0,0,0,0,0,0,0,0,0,0,0,0,0,0,0
Agriculture_Economicaspects,Biotechnology,0,0,0,0,0,0,0,0,0,0,0,0,0,0,0,0,0,0,0,0,0,0,0,0,0,0,0,0,0,0
Agriculture_Economicaspects,Molecularbiology_Methodology,0,0,0,0,0,0,0,0,0,0,0,0,0,0,0,0,0,0,0,0,0,0,0,0,0,0,0,0,0,0
Pests_Control,Soilscience,2,2,0,2,0,1,1,0,0,0,2,0,1,0,0,0,2,0,0,0,1,0,0,0,1,0,0,0,0,0
Pests_Control,Weeds_Control,2,5,1,4,0,1,1,0,0,0,2,1,3,0,1,0,5,0,0,0,1,0,0,0,1,0,0,0,0,0
Pests_Control,Ecology_Mathematicalmodels,0,1,2,1,0,0,1,0,0,0,0,2,1,0,1,0,2,0,0,0,0,0,0,0,0,0,0,0,0,0
Pests_Control,Plantdiseases,2,4,1,7,0,1,1,0,0,0,2,3,4,1,1,0,7,1,0,0,2,0,0,0,1,1,0,0,0,0
Pests_Control,Veterinarymedicine,0,0,0,0,0,0,0,0,0,0,0,0,0,0,0,0,0,0,0,0,0,0,0,0,0,0,0,0,0,0
Pests_Control,Dairying,1,1,0,1,0,1,0,0,0,0,1,0,0,0,0,0,1,0,0,0,1,0,0,0,0,0,0,0,0,0
Pests_Control,Soils_Quality,1,1,1,1,0,0,2,0,0,0,1,1,1,0,0,0,2,0,0,0,0,0,0,0,1,0,0,0,0,0
Pests_Control,Water_Waste,0,0,0,0,0,0,0,0,0,0,0,0,0,0,0,0,0,0,0,0,0,0,0,0,0,0,0,0,0,0
Pests_Control,Water_waste,0,0,0,0,0,0,0,0,0,0,0,0,0,0,0,0,0,0,0,0,0,0,0,0,0,0,0,0,0,0
Pests_Control,Agriculturalengineering,0,0,0,0,0,0,0,0,0,0,0,0,0,0,0,0,0,0,0,0,0,0,0,0,0,0,0,0,0,0
Pests_Control,Foodcrops_Geneticengineering,2,2,0,2,0,1,1,0,0,0,2,0,1,0,0,0,2,0,0,0,1,0,0,0,1,0,0,0,0,0
Pests_Control,Entomology,0,1,2,3,0,0,1,0,0,0,0,6,3,1,2,0,6,1,0,0,1,0,0,0,0,0,0,0,0,0
Pests_Control,Insects_Physiology,1,3,1,4,0,0,1,0,0,0,1,3,5,1,1,0,5,1,0,0,1,0,0,0,1,0,0,0,0,0
Pests_Control,Molecularecology,0,0,0,1,0,0,0,0,0,0,0,1,1,1,0,0,1,1,0,0,1,0,0,0,0,0,0,0,0,0
Pests_Control,Forestsandforestry,0,1,1,1,0,0,0,0,0,0,0,2,1,0,2,0,2,0,0,0,0,0,0,0,0,0,0,0,0,0
Pests_Control,Agriculture_Economicaspects,0,0,0,0,0,0,0,0,0,0,0,0,0,0,0,0,0,0,0,0,0,0,0,0,0,0,0,0,0,0
Pests_Control,Pests_Control,2,5,2,7,0,1,2,0,0,0,2,6,5,1,2,0,12,1,0,0,2,0,1,0,1,1,0,0,0,0
Pests_Control,Conservationbiology,0,0,0,1,0,0,0,0,0,0,0,1,1,1,0,0,1,1,0,0,1,0,0,0,0,0,0,0,0,0
Pests_Control,Superconductors,0,0,0,0,0,0,0,0,0,0,0,0,0,0,0,0,0,0,0,0,0,0,0,0,0,0,0,0,0,0
Pests_Control,Potatoes,0,0,0,0,0,0,0,0,0,0,0,0,0,0,0,0,0,0,0,0,0,0,0,0,0,0,0,0,0,0
Pests_Control,Cropscience,1,1,0,2,0,1,0,0,0,0,1,1,1,1,0,0,2,1,0,0,2,0,0,0,0,0,0,0,0,0
Pests_Control,Transportation_Research,0,0,0,0,0,0,0,0,0,0,0,0,0,0,0,0,0,0,0,0,0,0,0,0,0,0,0,0,0,0
Pests_Control,Food_Safetymeasures,0,0,0,0,0,0,0,0,0,0,0,0,0,0,0,0,1,0,0,0,0,0,1,0,0,0,0,0,0,0
Pests_Control,Geomorphology,0,0,0,0,0,0,0,0,0,0,0,0,0,0,0,0,0,0,0,0,0,0,0,0,0,0,0,0,0,0
Pests_Control,Food_Analysis,1,1,0,1,0,0,1,0,0,0,1,0,1,0,0,0,1,0,0,0,0,0,0,0,1,0,0,0,0,0
Pests_Control,Genomics,0,0,0,1,0,0,0,0,0,0,0,0,0,0,0,0,1,0,0,0,0,0,0,0,0,1,0,0,0,0
Pests_Control,Semiconductors,0,0,0,0,0,0,0,0,0,0,0,0,0,0,0,0,0,0,0,0,0,0,0,0,0,0,0,0,0,0
Pests_Control,Microbiology,0,0,0,0,0,0,0,0,0,0,0,0,0,0,0,0,0,0,0,0,0,0,0,0,0,0,0,0,0,0
Pests_Control,Biotechnology,0,0,0,0,0,0,0,0,0,0,0,0,0,0,0,0,0,0,0,0,0,0,0,0,0,0,0,0,0,0
Pests_Control,Molecularbiology_Methodology,0,0,0,0,0,0,0,0,0,0,0,0,0,0,0,0,0,0,0,0,0,0,0,0,0,0,0,0,0,0
Conservationbiology,Soilscience,3,0,0,0,1,0,2,0,0,0,0,1,0,1,1,1,0,3,0,0,0,1,0,1,0,0,0,0,0,0
Conservationbiology,Weeds_Control,0,0,0,0,0,0,0,0,0,0,0,0,0,0,0,0,0,0,0,0,0,0,0,0,0,0,0,0,0,0
Conservationbiology,Ecology_Mathematicalmodels,0,0,5,0,0,0,0,0,0,0,0,1,1,4,2,0,0,5,0,0,0,0,0,1,0,0,0,0,0,0
Conservationbiology,Plantdiseases,0,0,0,1,0,0,0,0,0,0,0,1,1,1,0,0,1,1,0,0,1,0,0,0,0,0,0,0,0,0
Conservationbiology,Veterinarymedicine,1,0,0,0,1,0,0,0,0,0,0,0,0,1,0,1,0,1,0,0,0,1,0,0,0,0,0,0,0,0
Conservationbiology,Dairying,0,0,0,0,0,0,0,0,0,0,0,0,0,0,0,0,0,0,0,0,0,0,0,0,0,0,0,0,0,0
Conservationbiology,Soils_Quality,2,0,0,0,0,0,2,0,0,0,0,1,0,0,1,0,0,2,0,0,0,0,0,1,0,0,0,0,0,0
Conservationbiology,Water_Waste,0,0,0,0,0,0,0,1,1,0,0,0,0,0,0,0,0,1,0,0,0,0,0,1,0,0,0,0,0,0
Conservationbiology,Water_waste,0,0,0,0,0,0,0,1,1,0,0,0,0,0,0,0,0,1,0,0,0,0,0,1,0,0,0,0,0,0
Conservationbiology,Agriculturalengineering,0,0,0,0,0,0,0,0,0,0,0,0,0,0,0,0,0,0,0,0,0,0,0,0,0,0,0,0,0,0
Conservationbiology,Foodcrops_Geneticengineering,0,0,0,0,0,0,0,0,0,0,0,0,0,0,0,0,0,0,0,0,0,0,0,0,0,0,0,0,0,0
Conservationbiology,Entomology,1,0,1,1,0,0,1,0,0,0,0,3,2,1,0,0,1,3,0,0,1,0,0,0,0,0,0,0,0,0
Conservationbiology,Insects_Physiology,0,0,1,1,0,0,0,0,0,0,0,2,2,1,0,0,1,2,0,0,1,0,0,0,0,0,0,0,0,0
Conservationbiology,Molecularecology,1,0,4,1,1,0,0,0,0,0,0,1,1,6,2,1,1,6,0,0,1,1,0,1,0,0,0,0,0,0
Conservationbiology,Forestsandforestry,1,0,2,0,0,0,1,0,0,0,0,0,0,2,3,0,0,3,0,0,0,0,0,1,0,0,0,0,0,0
Conservationbiology,Agriculture_Economicaspects,1,0,0,0,1,0,0,0,0,0,0,0,0,1,0,1,0,1,0,0,0,1,0,0,0,0,0,0,0,0
Conservationbiology,Pests_Control,0,0,0,1,0,0,0,0,0,0,0,1,1,1,0,0,1,1,0,0,1,0,0,0,0,0,0,0,0,0
Conservationbiology,Conservationbiology,3,0,5,1,1,0,2,1,1,0,0,3,2,6,3,1,1,14,0,0,1,1,0,3,0,0,0,0,0,0
Conservationbiology,Superconductors,0,0,0,0,0,0,0,0,0,0,0,0,0,0,0,0,0,0,0,0,0,0,0,0,0,0,0,0,0,0
Conservationbiology,Potatoes,0,0,0,0,0,0,0,0,0,0,0,0,0,0,0,0,0,0,0,0,0,0,0,0,0,0,0,0,0,0
Conservationbiology,Cropscience,0,0,0,1,0,0,0,0,0,0,0,1,1,1,0,0,1,1,0,0,1,0,0,0,0,0,0,0,0,0
Conservationbiology,Transportation_Research,1,0,0,0,1,0,0,0,0,0,0,0,0,1,0,1,0,1,0,0,0,1,0,0,0,0,0,0,0,0
Conservationbiology,Food_Safetymeasures,0,0,0,0,0,0,0,0,0,0,0,0,0,0,0,0,0,0,0,0,0,0,0,0,0,0,0,0,0,0
Conservationbiology,Geomorphology,1,0,1,0,0,0,1,1,1,0,0,0,0,1,1,0,0,3,0,0,0,0,0,3,0,0,0,0,0,0
Conservationbiology,Food_Analysis,0,0,0,0,0,0,0,0,0,0,0,0,0,0,0,0,0,0,0,0,0,0,0,0,0,0,0,0,0,0
Conservationbiology,Genomics,0,0,0,0,0,0,0,0,0,0,0,0,0,0,0,0,0,0,0,0,0,0,0,0,0,0,0,0,0,0
Conservationbiology,Semiconductors,0,0,0,0,0,0,0,0,0,0,0,0,0,0,0,0,0,0,0,0,0,0,0,0,0,0,0,0,0,0
Conservationbiology,Microbiology,0,0,0,0,0,0,0,0,0,0,0,0,0,0,0,0,0,0,0,0,0,0,0,0,0,0,0,0,0,0
Conservationbiology,Biotechnology,0,0,0,0,0,0,0,0,0,0,0,0,0,0,0,0,0,0,0,0,0,0,0,0,0,0,0,0,0,0
Conservationbiology,Molecularbiology_Methodology,0,0,0,0,0,0,0,0,0,0,0,0,0,0,0,0,0,0,0,0,0,0,0,0,0,0,0,0,0,0
Superconductors,Soilscience,0,0,0,0,0,0,0,0,0,0,0,0,0,0,0,0,0,0,0,0,0,0,0,0,0,0,0,0,0,0
Superconductors,Weeds_Control,0,0,0,0,0,0,0,0,0,0,0,0,0,0,0,0,0,0,0,0,0,0,0,0,0,0,0,0,0,0
Superconductors,Ecology_Mathematicalmodels,0,0,0,0,0,0,0,0,0,0,0,0,0,0,0,0,0,0,0,0,0,0,0,0,0,0,0,0,0,0
Superconductors,Plantdiseases,0,0,0,0,0,0,0,0,0,0,0,0,0,0,0,0,0,0,0,0,0,0,0,0,0,0,0,0,0,0
Superconductors,Veterinarymedicine,0,0,0,0,0,0,0,0,0,0,0,0,0,0,0,0,0,0,0,0,0,0,0,0,0,0,0,0,0,0
Superconductors,Dairying,0,0,0,0,0,0,0,0,0,0,0,0,0,0,0,0,0,0,0,0,0,0,0,0,0,0,0,0,0,0
Superconductors,Soils_Quality,0,0,0,0,0,0,0,0,0,0,0,0,0,0,0,0,0,0,0,0,0,0,0,0,0,0,0,0,0,0
Superconductors,Water_Waste,0,0,0,0,0,0,0,0,0,0,0,0,0,0,0,0,0,0,0,0,0,0,0,0,0,0,0,0,0,0
Superconductors,Water_waste,0,0,0,0,0,0,0,0,0,0,0,0,0,0,0,0,0,0,0,0,0,0,0,0,0,0,0,0,0,0
Superconductors,Agriculturalengineering,0,0,0,0,0,0,0,0,0,0,0,0,0,0,0,0,0,0,0,0,0,0,0,0,0,0,0,0,0,0
Superconductors,Foodcrops_Geneticengineering,0,0,0,0,0,0,0,0,0,0,0,0,0,0,0,0,0,0,0,0,0,0,0,0,0,0,0,0,0,0
Superconductors,Entomology,0,0,0,0,0,0,0,0,0,0,0,0,0,0,0,0,0,0,0,0,0,0,0,0,0,0,0,0,0,0
Superconductors,Insects_Physiology,0,0,0,0,0,0,0,0,0,0,0,0,0,0,0,0,0,0,0,0,0,0,0,0,0,0,0,0,0,0
Superconductors,Molecularecology,0,0,0,0,0,0,0,0,0,0,0,0,0,0,0,0,0,0,0,0,0,0,0,0,0,0,0,0,0,0
Superconductors,Forestsandforestry,0,0,0,0,0,0,0,0,0,0,0,0,0,0,0,0,0,0,0,0,0,0,0,0,0,0,0,0,0,0
Superconductors,Agriculture_Economicaspects,0,0,0,0,0,0,0,0,0,0,0,0,0,0,0,0,0,0,0,0,0,0,0,0,0,0,0,0,0,0
Superconductors,Pests_Control,0,0,0,0,0,0,0,0,0,0,0,0,0,0,0,0,0,0,0,0,0,0,0,0,0,0,0,0,0,0
Superconductors,Conservationbiology,0,0,0,0,0,0,0,0,0,0,0,0,0,0,0,0,0,0,0,0,0,0,0,0,0,0,0,0,0,0
Superconductors,Superconductors,0,0,0,0,0,0,0,0,0,0,0,0,0,0,0,0,0,0,11,0,0,1,0,0,0,0,2,0,1,0
Superconductors,Potatoes,0,0,0,0,0,0,0,0,0,0,0,0,0,0,0,0,0,0,0,0,0,0,0,0,0,0,0,0,0,0
Superconductors,Cropscience,0,0,0,0,0,0,0,0,0,0,0,0,0,0,0,0,0,0,0,0,0,0,0,0,0,0,0,0,0,0
Superconductors,Transportation_Research,0,0,0,0,0,0,0,0,0,0,0,0,0,0,0,0,0,0,1,0,0,1,0,0,0,0,0,0,0,0
Superconductors,Food_Safetymeasures,0,0,0,0,0,0,0,0,0,0,0,0,0,0,0,0,0,0,0,0,0,0,0,0,0,0,0,0,0,0
Superconductors,Geomorphology,0,0,0,0,0,0,0,0,0,0,0,0,0,0,0,0,0,0,0,0,0,0,0,0,0,0,0,0,0,0
Superconductors,Food_Analysis,0,0,0,0,0,0,0,0,0,0,0,0,0,0,0,0,0,0,0,0,0,0,0,0,0,0,0,0,0,0
Superconductors,Genomics,0,0,0,0,0,0,0,0,0,0,0,0,0,0,0,0,0,0,0,0,0,0,0,0,0,0,0,0,0,0
Superconductors,Semiconductors,0,0,0,0,0,0,0,0,0,0,0,0,0,0,0,0,0,0,2,0,0,0,0,0,0,0,2,0,0,0
Superconductors,Microbiology,0,0,0,0,0,0,0,0,0,0,0,0,0,0,0,0,0,0,0,0,0,0,0,0,0,0,0,0,0,0
Superconductors,Biotechnology,0,0,0,0,0,0,0,0,0,0,0,0,0,0,0,0,0,0,1,0,0,0,0,0,0,0,0,0,1,0
Superconductors,Molecularbiology_Methodology,0,0,0,0,0,0,0,0,0,0,0,0,0,0,0,0,0,0,0,0,0,0,0,0,0,0,0,0,0,0
Potatoes,Soilscience,3,2,0,0,0,1,2,0,0,2,0,0,0,0,0,0,0,0,0,3,0,0,0,0,0,0,0,0,0,0
Potatoes,Weeds_Control,2,6,0,4,0,0,2,0,0,1,0,1,2,0,0,0,0,0,0,6,0,0,0,0,0,0,0,1,0,0
Potatoes,Ecology_Mathematicalmodels,0,0,1,1,0,0,0,0,0,0,0,0,0,0,0,0,0,0,0,1,0,0,0,0,0,0,0,1,1,1
Potatoes,Plantdiseases,0,4,1,6,0,0,0,0,0,0,0,1,3,0,0,0,0,0,0,6,0,0,0,0,0,0,0,2,1,1
Potatoes,Veterinarymedicine,0,0,0,0,1,1,0,0,0,0,1,0,0,0,0,0,0,0,0,1,0,0,0,0,0,0,0,0,0,0
Potatoes,Dairying,1,0,0,0,1,2,0,0,0,1,1,0,0,0,0,0,0,0,0,2,0,0,0,0,0,0,0,0,0,0
Potatoes,Soils_Quality,2,2,0,0,0,0,2,0,0,1,0,0,0,0,0,0,0,0,0,2,0,0,0,0,0,0,0,0,0,0
Potatoes,Water_Waste,0,0,0,0,0,0,0,0,0,0,0,0,0,0,0,0,0,0,0,0,0,0,0,0,0,0,0,0,0,0
Potatoes,Water_waste,0,0,0,0,0,0,0,0,0,0,0,0,0,0,0,0,0,0,0,0,0,0,0,0,0,0,0,0,0,0
Potatoes,Agriculturalengineering,2,1,0,0,0,1,1,0,0,2,0,0,0,0,0,0,0,0,0,2,0,0,0,0,0,0,0,0,0,0
Potatoes,Foodcrops_Geneticengineering,0,0,0,0,1,1,0,0,0,0,1,0,0,0,0,0,0,0,0,1,0,0,0,0,0,0,0,0,0,0
Potatoes,Entomology,0,1,0,1,0,0,0,0,0,0,0,1,0,0,0,0,0,0,0,1,0,0,0,0,0,0,0,0,0,0
Potatoes,Insects_Physiology,0,2,0,3,0,0,0,0,0,0,0,0,3,0,0,0,0,0,0,3,0,0,0,0,0,0,0,0,0,0
Potatoes,Molecularecology,0,0,0,0,0,0,0,0,0,0,0,0,0,0,0,0,0,0,0,0,0,0,0,0,0,0,0,0,0,0
Potatoes,Forestsandforestry,0,0,0,0,0,0,0,0,0,0,0,0,0,0,0,0,0,0,0,0,0,0,0,0,0,0,0,0,0,0
Potatoes,Agriculture_Economicaspects,0,0,0,0,0,0,0,0,0,0,0,0,0,0,0,0,0,0,0,0,0,0,0,0,0,0,0,0,0,0
Potatoes,Pests_Control,0,0,0,0,0,0,0,0,0,0,0,0,0,0,0,0,0,0,0,0,0,0,0,0,0,0,0,0,0,0
Potatoes,Conservationbiology,0,0,0,0,0,0,0,0,0,0,0,0,0,0,0,0,0,0,0,0,0,0,0,0,0,0,0,0,0,0
Potatoes,Superconductors,0,0,0,0,0,0,0,0,0,0,0,0,0,0,0,0,0,0,0,0,0,0,0,0,0,0,0,0,0,0
Potatoes,Potatoes,3,6,1,6,1,2,2,0,0,2,1,1,3,0,0,0,0,0,0,10,0,0,0,0,0,0,0,2,1,1
Potatoes,Cropscience,0,0,0,0,0,0,0,0,0,0,0,0,0,0,0,0,0,0,0,0,0,0,0,0,0,0,0,0,0,0
Potatoes,Transportation_Research,0,0,0,0,0,0,0,0,0,0,0,0,0,0,0,0,0,0,0,0,0,0,0,0,0,0,0,0,0,0
Potatoes,Food_Safetymeasures,0,0,0,0,0,0,0,0,0,0,0,0,0,0,0,0,0,0,0,0,0,0,0,0,0,0,0,0,0,0
Potatoes,Geomorphology,0,0,0,0,0,0,0,0,0,0,0,0,0,0,0,0,0,0,0,0,0,0,0,0,0,0,0,0,0,0
Potatoes,Food_Analysis,0,0,0,0,0,0,0,0,0,0,0,0,0,0,0,0,0,0,0,0,0,0,0,0,0,0,0,0,0,0
Potatoes,Genomics,0,0,0,0,0,0,0,0,0,0,0,0,0,0,0,0,0,0,0,0,0,0,0,0,0,0,0,0,0,0
Potatoes,Semiconductors,0,0,0,0,0,0,0,0,0,0,0,0,0,0,0,0,0,0,0,0,0,0,0,0,0,0,0,0,0,0
Potatoes,Microbiology,0,1,1,2,0,0,0,0,0,0,0,0,0,0,0,0,0,0,0,2,0,0,0,0,0,0,0,2,1,1
Potatoes,Biotechnology,0,0,1,1,0,0,0,0,0,0,0,0,0,0,0,0,0,0,0,1,0,0,0,0,0,0,0,1,1,1
Potatoes,Molecularbiology_Methodology,0,0,1,1,0,0,0,0,0,0,0,0,0,0,0,0,0,0,0,1,0,0,0,0,0,0,0,1,1,1
Cropscience,Soilscience,4,3,1,3,0,1,1,0,0,0,1,0,0,0,0,0,1,0,0,0,4,0,0,0,0,1,0,0,1,0
Cropscience,Weeds_Control,3,6,0,3,0,1,2,0,0,0,1,1,0,0,0,0,1,0,0,0,6,0,0,0,1,0,0,0,0,0
Cropscience,Ecology_Mathematicalmodels,1,0,2,1,0,0,0,0,0,0,0,0,0,0,0,0,0,0,0,0,2,0,0,0,0,1,0,1,1,1
Cropscience,Plantdiseases,3,3,1,5,0,1,1,0,0,0,1,2,1,1,0,0,2,1,0,0,5,0,0,0,0,1,0,0,1,0
Cropscience,Veterinarymedicine,0,0,0,0,0,0,0,0,0,0,0,0,0,0,0,0,0,0,0,0,0,0,0,0,0,0,0,0,0,0
Cropscience,Dairying,1,1,0,1,0,1,0,0,0,0,1,0,0,0,0,0,1,0,0,0,1,0,0,0,0,0,0,0,0,0
Cropscience,Soils_Quality,1,2,0,1,0,0,2,0,0,0,0,0,0,0,0,0,0,0,0,0,2,0,0,0,0,0,0,0,0,0
Cropscience,Water_Waste,0,0,0,0,0,0,0,0,0,0,0,0,0,0,0,0,0,0,0,0,0,0,0,0,0,0,0,0,0,0
Cropscience,Water_waste,0,0,0,0,0,0,0,0,0,0,0,0,0,0,0,0,0,0,0,0,0,0,0,0,0,0,0,0,0,0
Cropscience,Agriculturalengineering,0,0,0,0,0,0,0,0,0,0,0,0,0,0,0,0,0,0,0,0,0,0,0,0,0,0,0,0,0,0
Cropscience,Foodcrops_Geneticengineering,1,1,0,1,0,1,0,0,0,0,1,0,0,0,0,0,1,0,0,0,1,0,0,0,0,0,0,0,0,0
Cropscience,Entomology,0,1,0,2,0,0,0,0,0,0,0,2,1,1,0,0,1,1,0,0,2,0,0,0,0,0,0,0,0,0
Cropscience,Insects_Physiology,0,0,0,1,0,0,0,0,0,0,0,1,1,1,0,0,1,1,0,0,1,0,0,0,0,0,0,0,0,0
Cropscience,Molecularecology,0,0,0,1,0,0,0,0,0,0,0,1,1,2,0,0,1,1,0,0,2,0,0,0,0,1,0,0,0,1
Cropscience,Forestsandforestry,0,0,0,0,0,0,0,0,0,0,0,0,0,0,0,0,0,0,0,0,0,0,0,0,0,0,0,0,0,0
Cropscience,Agriculture_Economicaspects,0,0,0,0,0,0,0,0,0,0,0,0,0,0,0,0,0,0,0,0,0,0,0,0,0,0,0,0,0,0
Cropscience,Pests_Control,1,1,0,2,0,1,0,0,0,0,1,1,1,1,0,0,2,1,0,0,2,0,0,0,0,0,0,0,0,0
Cropscience,Conservationbiology,0,0,0,1,0,0,0,0,0,0,0,1,1,1,0,0,1,1,0,0,1,0,0,0,0,0,0,0,0,0
Cropscience,Superconductors,0,0,0,0,0,0,0,0,0,0,0,0,0,0,0,0,0,0,0,0,0,0,0,0,0,0,0,0,0,0
Cropscience,Potatoes,0,0,0,0,0,0,0,0,0,0,0,0,0,0,0,0,0,0,0,0,0,0,0,0,0,0,0,0,0,0
Cropscience,Cropscience,4,6,2,5,0,1,2,0,0,0,1,2,1,2,0,0,2,1,0,0,10,0,0,0,1,2,0,1,1,2
Cropscience,Transportation_Research,0,0,0,0,0,0,0,0,0,0,0,0,0,0,0,0,0,0,0,0,0,0,0,0,0,0,0,0,0,0
Cropscience,Food_Safetymeasures,0,0,0,0,0,0,0,0,0,0,0,0,0,0,0,0,0,0,0,0,0,0,0,0,0,0,0,0,0,0
Cropscience,Geomorphology,0,0,0,0,0,0,0,0,0,0,0,0,0,0,0,0,0,0,0,0,0,0,0,0,0,0,0,0,0,0
Cropscience,Food_Analysis,0,1,0,0,0,0,0,0,0,0,0,0,0,0,0,0,0,0,0,0,1,0,0,0,1,0,0,0,0,0
Cropscience,Genomics,1,0,1,1,0,0,0,0,0,0,0,0,0,1,0,0,0,0,0,0,2,0,0,0,0,2,0,0,1,1
Cropscience,Semiconductors,0,0,0,0,0,0,0,0,0,0,0,0,0,0,0,0,0,0,0,0,0,0,0,0,0,0,0,0,0,0
Cropscience,Microbiology,0,0,1,0,0,0,0,0,0,0,0,0,0,0,0,0,0,0,0,0,1,0,0,0,0,0,0,1,0,1
Cropscience,Biotechnology,1,0,1,1,0,0,0,0,0,0,0,0,0,0,0,0,0,0,0,0,1,0,0,0,0,1,0,0,1,0
Cropscience,Molecularbiology_Methodology,0,0,1,0,0,0,0,0,0,0,0,0,0,1,0,0,0,0,0,0,2,0,0,0,0,1,0,1,0,2
Transportation_Research,Soilscience,1,0,0,0,1,0,0,0,0,0,0,0,0,1,0,1,0,1,0,0,0,1,0,0,0,0,0,0,0,0
Transportation_Research,Weeds_Control,0,0,0,0,0,0,0,0,0,0,0,0,0,0,0,0,0,0,0,0,0,0,0,0,0,0,0,0,0,0
Transportation_Research,Ecology_Mathematicalmodels,0,0,0,0,0,0,0,0,0,0,0,0,0,0,0,0,0,0,0,0,0,0,0,0,0,0,0,0,0,0
Transportation_Research,Plantdiseases,0,0,0,0,0,0,0,0,0,0,0,0,0,0,0,0,0,0,0,0,0,0,0,0,0,0,0,0,0,0
Transportation_Research,Veterinarymedicine,1,0,0,0,1,0,0,0,0,0,0,0,0,1,0,1,0,1,0,0,0,1,0,0,0,0,0,0,0,0
Transportation_Research,Dairying,0,0,0,0,0,0,0,0,0,0,0,0,0,0,0,0,0,0,0,0,0,0,0,0,0,0,0,0,0,0
Transportation_Research,Soils_Quality,0,0,0,0,0,0,0,0,0,0,0,0,0,0,0,0,0,0,0,0,0,0,0,0,0,0,0,0,0,0
Transportation_Research,Water_Waste,0,0,0,0,0,0,0,0,0,0,0,0,0,0,0,0,0,0,0,0,0,0,0,0,0,0,0,0,0,0
Transportation_Research,Water_waste,0,0,0,0,0,0,0,0,0,0,0,0,0,0,0,0,0,0,0,0,0,0,0,0,0,0,0,0,0,0
Transportation_Research,Agriculturalengineering,0,0,0,0,0,0,0,0,0,0,0,0,0,0,0,0,0,0,0,0,0,0,0,0,0,0,0,0,0,0
Transportation_Research,Foodcrops_Geneticengineering,0,0,0,0,0,0,0,0,0,0,0,0,0,0,0,0,0,0,0,0,0,0,0,0,0,0,0,0,0,0
Transportation_Research,Entomology,0,0,0,0,0,0,0,0,0,0,0,0,0,0,0,0,0,0,0,0,0,0,0,0,0,0,0,0,0,0
Transportation_Research,Insects_Physiology,0,0,0,0,0,0,0,0,0,0,0,0,0,0,0,0,0,0,0,0,0,0,0,0,0,0,0,0,0,0
Transportation_Research,Molecularecology,1,0,0,0,1,0,0,0,0,0,0,0,0,1,0,1,0,1,0,0,0,1,0,0,0,0,0,0,0,0
Transportation_Research,Forestsandforestry,0,0,0,0,0,0,0,0,0,0,0,0,0,0,0,0,0,0,0,0,0,0,0,0,0,0,0,0,0,0
Transportation_Research,Agriculture_Economicaspects,1,0,0,0,1,0,0,0,0,0,0,0,0,1,0,1,0,1,0,0,0,1,0,0,0,0,0,0,0,0
Transportation_Research,Pests_Control,0,0,0,0,0,0,0,0,0,0,0,0,0,0,0,0,0,0,0,0,0,0,0,0,0,0,0,0,0,0
Transportation_Research,Conservationbiology,1,0,0,0,1,0,0,0,0,0,0,0,0,1,0,1,0,1,0,0,0,1,0,0,0,0,0,0,0,0
Transportation_Research,Superconductors,0,0,0,0,0,0,0,0,0,0,0,0,0,0,0,0,0,0,1,0,0,1,0,0,0,0,0,0,0,0
Transportation_Research,Potatoes,0,0,0,0,0,0,0,0,0,0,0,0,0,0,0,0,0,0,0,0,0,0,0,0,0,0,0,0,0,0
Transportation_Research,Cropscience,0,0,0,0,0,0,0,0,0,0,0,0,0,0,0,0,0,0,0,0,0,0,0,0,0,0,0,0,0,0
Transportation_Research,Transportation_Research,1,0,0,0,1,0,0,0,0,0,0,0,0,1,0,1,0,1,1,0,0,10,0,0,0,0,0,0,0,0
Transportation_Research,Food_Safetymeasures,0,0,0,0,0,0,0,0,0,0,0,0,0,0,0,0,0,0,0,0,0,0,0,0,0,0,0,0,0,0
Transportation_Research,Geomorphology,0,0,0,0,0,0,0,0,0,0,0,0,0,0,0,0,0,0,0,0,0,0,0,0,0,0,0,0,0,0
Transportation_Research,Food_Analysis,0,0,0,0,0,0,0,0,0,0,0,0,0,0,0,0,0,0,0,0,0,0,0,0,0,0,0,0,0,0
Transportation_Research,Genomics,0,0,0,0,0,0,0,0,0,0,0,0,0,0,0,0,0,0,0,0,0,0,0,0,0,0,0,0,0,0
Transportation_Research,Semiconductors,0,0,0,0,0,0,0,0,0,0,0,0,0,0,0,0,0,0,0,0,0,0,0,0,0,0,0,0,0,0
Transportation_Research,Microbiology,0,0,0,0,0,0,0,0,0,0,0,0,0,0,0,0,0,0,0,0,0,0,0,0,0,0,0,0,0,0
Transportation_Research,Biotechnology,0,0,0,0,0,0,0,0,0,0,0,0,0,0,0,0,0,0,0,0,0,0,0,0,0,0,0,0,0,0
Transportation_Research,Molecularbiology_Methodology,0,0,0,0,0,0,0,0,0,0,0,0,0,0,0,0,0,0,0,0,0,0,0,0,0,0,0,0,0,0
Food_Safetymeasures,Soilscience,0,0,0,0,0,0,0,0,0,0,0,0,0,0,0,0,0,0,0,0,0,0,0,0,0,0,0,0,0,0
Food_Safetymeasures,Weeds_Control,0,0,0,0,0,0,0,0,0,0,0,0,0,0,0,0,0,0,0,0,0,0,0,0,0,0,0,0,0,0
Food_Safetymeasures,Ecology_Mathematicalmodels,0,0,1,0,0,0,0,0,0,0,0,0,0,0,0,1,0,0,0,0,0,0,1,0,0,0,0,0,0,0
Food_Safetymeasures,Plantdiseases,0,0,0,0,0,0,0,0,0,0,0,0,0,0,0,0,0,0,0,0,0,0,0,0,0,0,0,0,0,0
Food_Safetymeasures,Veterinarymedicine,0,0,0,0,0,0,0,0,0,0,0,0,0,0,0,0,0,0,0,0,0,0,0,0,0,0,0,0,0,0
Food_Safetymeasures,Dairying,0,0,0,0,0,3,0,0,0,0,2,0,0,0,0,0,0,0,0,0,0,0,3,0,2,0,0,1,1,0
Food_Safetymeasures,Soils_Quality,0,0,0,0,0,0,0,0,0,0,0,0,0,0,0,0,0,0,0,0,0,0,0,0,0,0,0,0,0,0
Food_Safetymeasures,Water_Waste,0,0,0,0,0,0,0,0,0,0,0,0,0,0,0,0,0,0,0,0,0,0,0,0,0,0,0,0,0,0
Food_Safetymeasures,Water_waste,0,0,0,0,0,0,0,0,0,0,0,0,0,0,0,0,0,0,0,0,0,0,0,0,0,0,0,0,0,0
Food_Safetymeasures,Agriculturalengineering,0,0,0,0,0,0,0,0,0,0,0,0,0,0,0,0,0,0,0,0,0,0,0,0,0,0,0,0,0,0
Food_Safetymeasures,Foodcrops_Geneticengineering,0,0,0,0,0,2,0,0,0,0,4,0,0,0,0,0,0,0,0,0,0,0,4,0,4,0,0,0,0,0
Food_Safetymeasures,Entomology,0,0,0,0,0,0,0,0,0,0,0,0,0,0,0,0,0,0,0,0,0,0,0,0,0,0,0,0,0,0
Food_Safetymeasures,Insects_Physiology,0,0,0,0,0,0,0,0,0,0,0,0,0,0,0,0,0,0,0,0,0,0,0,0,0,0,0,0,0,0
Food_Safetymeasures,Molecularecology,0,0,0,0,0,0,0,0,0,0,0,0,0,0,0,0,0,0,0,0,0,0,0,0,0,0,0,0,0,0
Food_Safetymeasures,Forestsandforestry,0,0,0,0,0,0,0,0,0,0,0,0,0,0,0,0,0,0,0,0,0,0,0,0,0,0,0,0,0,0
Food_Safetymeasures,Agriculture_Economicaspects,0,0,1,0,0,0,0,0,0,0,0,0,0,0,0,1,0,0,0,0,0,0,1,0,0,0,0,0,0,0
Food_Safetymeasures,Pests_Control,0,0,0,0,0,0,0,0,0,0,0,0,0,0,0,0,1,0,0,0,0,0,1,0,0,0,0,0,0,0
Food_Safetymeasures,Conservationbiology,0,0,0,0,0,0,0,0,0,0,0,0,0,0,0,0,0,0,0,0,0,0,0,0,0,0,0,0,0,0
Food_Safetymeasures,Superconductors,0,0,0,0,0,0,0,0,0,0,0,0,0,0,0,0,0,0,0,0,0,0,0,0,0,0,0,0,0,0
Food_Safetymeasures,Potatoes,0,0,0,0,0,0,0,0,0,0,0,0,0,0,0,0,0,0,0,0,0,0,0,0,0,0,0,0,0,0
Food_Safetymeasures,Cropscience,0,0,0,0,0,0,0,0,0,0,0,0,0,0,0,0,0,0,0,0,0,0,0,0,0,0,0,0,0,0
Food_Safetymeasures,Transportation_Research,0,0,0,0,0,0,0,0,0,0,0,0,0,0,0,0,0,0,0,0,0,0,0,0,0,0,0,0,0,0
Food_Safetymeasures,Food_Safetymeasures,0,0,1,0,0,3,0,0,0,0,4,0,0,0,0,1,1,0,0,0,0,0,10,0,6,0,1,1,1,1
Food_Safetymeasures,Geomorphology,0,0,0,0,0,0,0,0,0,0,0,0,0,0,0,0,0,0,0,0,0,0,0,0,0,0,0,0,0,0
Food_Safetymeasures,Food_Analysis,0,0,0,0,0,2,0,0,0,0,4,0,0,0,0,0,0,0,0,0,0,0,6,0,6,0,0,0,0,1
Food_Safetymeasures,Genomics,0,0,0,0,0,0,0,0,0,0,0,0,0,0,0,0,0,0,0,0,0,0,0,0,0,0,0,0,0,0
Food_Safetymeasures,Semiconductors,0,0,0,0,0,0,0,0,0,0,0,0,0,0,0,0,0,0,0,0,0,0,1,0,0,0,1,0,0,0
Food_Safetymeasures,Microbiology,0,0,0,0,0,1,0,0,0,0,0,0,0,0,0,0,0,0,0,0,0,0,1,0,0,0,0,1,1,0
Food_Safetymeasures,Biotechnology,0,0,0,0,0,1,0,0,0,0,0,0,0,0,0,0,0,0,0,0,0,0,1,0,0,0,0,1,1,0
Food_Safetymeasures,Molecularbiology_Methodology,0,0,0,0,0,0,0,0,0,0,0,0,0,0,0,0,0,0,0,0,0,0,1,0,1,0,0,0,0,1
Geomorphology,Soilscience,3,0,2,0,0,0,2,1,1,1,0,0,0,0,2,1,0,1,0,0,0,0,0,3,0,0,0,0,0,0
Geomorphology,Weeds_Control,0,0,0,0,0,0,0,0,0,0,0,0,0,0,0,0,0,0,0,0,0,0,0,0,0,0,0,0,0,0
Geomorphology,Ecology_Mathematicalmodels,2,0,4,0,0,0,1,2,2,1,0,0,0,1,1,1,0,1,0,0,0,0,0,4,0,0,0,0,0,0
Geomorphology,Plantdiseases,0,0,0,0,0,0,0,0,0,0,0,0,0,0,0,0,0,0,0,0,0,0,0,0,0,0,0,0,0,0
Geomorphology,Veterinarymedicine,0,0,0,0,0,0,0,0,0,0,0,0,0,0,0,0,0,0,0,0,0,0,0,0,0,0,0,0,0,0
Geomorphology,Dairying,0,0,0,0,0,0,0,0,0,0,0,0,0,0,0,0,0,0,0,0,0,0,0,0,0,0,0,0,0,0
Geomorphology,Soils_Quality,2,0,1,0,0,0,2,1,1,1,0,0,0,0,1,1,0,1,0,0,0,0,0,2,0,0,0,0,0,0
Geomorphology,Water_Waste,1,0,2,0,0,0,1,3,3,1,0,0,0,0,0,1,0,1,0,0,0,0,0,3,0,0,0,0,0,0
Geomorphology,Water_waste,1,0,2,0,0,0,1,3,3,1,0,0,0,0,0,1,0,1,0,0,0,0,0,3,0,0,0,0,0,0
Geomorphology,Agriculturalengineering,1,0,1,0,0,0,1,1,1,2,0,0,0,0,0,1,0,0,0,0,0,0,0,2,0,0,0,0,0,0
Geomorphology,Foodcrops_Geneticengineering,0,0,0,0,0,0,0,0,0,0,0,0,0,0,0,0,0,0,0,0,0,0,0,0,0,0,0,0,0,0
Geomorphology,Entomology,0,0,0,0,0,0,0,0,0,0,0,0,0,0,0,0,0,0,0,0,0,0,0,0,0,0,0,0,0,0
Geomorphology,Insects_Physiology,0,0,0,0,0,0,0,0,0,0,0,0,0,0,0,0,0,0,0,0,0,0,0,0,0,0,0,0,0,0
Geomorphology,Molecularecology,0,0,1,0,0,0,0,0,0,0,0,0,0,1,0,0,0,1,0,0,0,0,0,1,0,0,0,0,0,0
Geomorphology,Forestsandforestry,2,0,1,0,0,0,1,0,0,0,0,0,0,0,2,0,0,1,0,0,0,0,0,2,0,0,0,0,0,0
Geomorphology,Agriculture_Economicaspects,1,0,1,0,0,0,1,1,1,1,0,0,0,0,0,1,0,0,0,0,0,0,0,1,0,0,0,0,0,0
Geomorphology,Pests_Control,0,0,0,0,0,0,0,0,0,0,0,0,0,0,0,0,0,0,0,0,0,0,0,0,0,0,0,0,0,0
Geomorphology,Conservationbiology,1,0,1,0,0,0,1,1,1,0,0,0,0,1,1,0,0,3,0,0,0,0,0,3,0,0,0,0,0,0
Geomorphology,Superconductors,0,0,0,0,0,0,0,0,0,0,0,0,0,0,0,0,0,0,0,0,0,0,0,0,0,0,0,0,0,0
Geomorphology,Potatoes,0,0,0,0,0,0,0,0,0,0,0,0,0,0,0,0,0,0,0,0,0,0,0,0,0,0,0,0,0,0
Geomorphology,Cropscience,0,0,0,0,0,0,0,0,0,0,0,0,0,0,0,0,0,0,0,0,0,0,0,0,0,0,0,0,0,0
Geomorphology,Transportation_Research,0,0,0,0,0,0,0,0,0,0,0,0,0,0,0,0,0,0,0,0,0,0,0,0,0,0,0,0,0,0
Geomorphology,Food_Safetymeasures,0,0,0,0,0,0,0,0,0,0,0,0,0,0,0,0,0,0,0,0,0,0,0,0,0,0,0,0,0,0
Geomorphology,Geomorphology,3,0,4,0,0,0,2,3,3,2,0,0,0,1,2,1,0,3,0,0,0,0,0,10,0,0,0,0,0,0
Geomorphology,Food_Analysis,0,0,0,0,0,0,0,0,0,0,0,0,0,0,0,0,0,0,0,0,0,0,0,0,0,0,0,0,0,0
Geomorphology,Genomics,0,0,0,0,0,0,0,0,0,0,0,0,0,0,0,0,0,0,0,0,0,0,0,0,0,0,0,0,0,0
Geomorphology,Semiconductors,0,0,0,0,0,0,0,0,0,0,0,0,0,0,0,0,0,0,0,0,0,0,0,0,0,0,0,0,0,0
Geomorphology,Microbiology,0,0,0,0,0,0,0,0,0,0,0,0,0,0,0,0,0,0,0,0,0,0,0,0,0,0,0,0,0,0
Geomorphology,Biotechnology,0,0,0,0,0,0,0,0,0,0,0,0,0,0,0,0,0,0,0,0,0,0,0,0,0,0,0,0,0,0
Geomorphology,Molecularbiology_Methodology,0,0,0,0,0,0,0,0,0,0,0,0,0,0,0,0,0,0,0,0,0,0,0,0,0,0,0,0,0,0
Food_Analysis,Soilscience,1,1,0,1,0,0,1,0,0,0,1,0,1,0,0,0,1,0,0,0,0,0,0,0,1,0,0,0,0,0
Food_Analysis,Weeds_Control,1,2,0,1,0,0,1,0,0,0,1,0,1,0,0,0,1,0,0,0,1,0,0,0,2,0,0,0,0,0
Food_Analysis,Ecology_Mathematicalmodels,0,0,0,0,0,0,0,0,0,0,0,0,0,0,0,0,0,0,0,0,0,0,0,0,0,0,0,0,0,0
Food_Analysis,Plantdiseases,1,1,0,1,0,0,1,0,0,0,1,0,1,0,0,0,1,0,0,0,0,0,0,0,1,0,0,0,0,0
Food_Analysis,Veterinarymedicine,0,0,0,0,0,0,0,0,0,0,0,0,0,0,0,0,0,0,0,0,0,0,0,0,0,0,0,0,0,0
Food_Analysis,Dairying,0,0,0,0,0,2,0,0,0,0,2,0,0,0,0,0,0,0,0,0,0,0,2,0,2,0,0,0,0,0
Food_Analysis,Soils_Quality,1,1,0,1,0,0,1,0,0,0,1,0,1,0,0,0,1,0,0,0,0,0,0,0,1,0,0,0,0,0
Food_Analysis,Water_Waste,0,0,0,0,0,0,0,0,0,0,0,0,0,0,0,0,0,0,0,0,0,0,0,0,0,0,0,0,0,0
Food_Analysis,Water_waste,0,0,0,0,0,0,0,0,0,0,0,0,0,0,0,0,0,0,0,0,0,0,0,0,0,0,0,0,0,0
Food_Analysis,Agriculturalengineering,0,0,0,0,0,0,0,0,0,0,0,0,0,0,0,0,0,0,0,0,0,0,0,0,0,0,0,0,0,0
Food_Analysis,Foodcrops_Geneticengineering,1,1,0,1,0,2,1,0,0,0,7,0,1,0,0,0,1,0,0,0,0,0,4,0,7,0,0,0,0,0
Food_Analysis,Entomology,0,0,0,0,0,0,0,0,0,0,0,0,0,0,0,0,0,0,0,0,0,0,0,0,0,0,0,0,0,0
Food_Analysis,Insects_Physiology,1,1,0,1,0,0,1,0,0,0,1,0,1,0,0,0,1,0,0,0,0,0,0,0,1,0,0,0,0,0
Food_Analysis,Molecularecology,0,0,0,0,0,0,0,0,0,0,0,0,0,0,0,0,0,0,0,0,0,0,0,0,0,0,0,0,0,0
Food_Analysis,Forestsandforestry,0,0,0,0,0,0,0,0,0,0,0,0,0,0,0,0,0,0,0,0,0,0,0,0,0,0,0,0,0,0
Food_Analysis,Agriculture_Economicaspects,0,0,0,0,0,0,0,0,0,0,0,0,0,0,0,0,0,0,0,0,0,0,0,0,0,0,0,0,0,0
Food_Analysis,Pests_Control,1,1,0,1,0,0,1,0,0,0,1,0,1,0,0,0,1,0,0,0,0,0,0,0,1,0,0,0,0,0
Food_Analysis,Conservationbiology,0,0,0,0,0,0,0,0,0,0,0,0,0,0,0,0,0,0,0,0,0,0,0,0,0,0,0,0,0,0
Food_Analysis,Superconductors,0,0,0,0,0,0,0,0,0,0,0,0,0,0,0,0,0,0,0,0,0,0,0,0,0,0,0,0,0,0
Food_Analysis,Potatoes,0,0,0,0,0,0,0,0,0,0,0,0,0,0,0,0,0,0,0,0,0,0,0,0,0,0,0,0,0,0
Food_Analysis,Cropscience,0,1,0,0,0,0,0,0,0,0,0,0,0,0,0,0,0,0,0,0,1,0,0,0,1,0,0,0,0,0
Food_Analysis,Transportation_Research,0,0,0,0,0,0,0,0,0,0,0,0,0,0,0,0,0,0,0,0,0,0,0,0,0,0,0,0,0,0
Food_Analysis,Food_Safetymeasures,0,0,0,0,0,2,0,0,0,0,4,0,0,0,0,0,0,0,0,0,0,0,6,0,6,0,0,0,0,1
Food_Analysis,Geomorphology,0,0,0,0,0,0,0,0,0,0,0,0,0,0,0,0,0,0,0,0,0,0,0,0,0,0,0,0,0,0
Food_Analysis,Food_Analysis,1,2,0,1,0,2,1,0,0,0,7,0,1,0,0,0,1,0,0,0,1,0,6,0,10,0,0,0,0,1
Food_Analysis,Genomics,0,0,0,0,0,0,0,0,0,0,0,0,0,0,0,0,0,0,0,0,0,0,0,0,0,0,0,0,0,0
Food_Analysis,Semiconductors,0,0,0,0,0,0,0,0,0,0,0,0,0,0,0,0,0,0,0,0,0,0,0,0,0,0,0,0,0,0
Food_Analysis,Microbiology,0,0,0,0,0,0,0,0,0,0,0,0,0,0,0,0,0,0,0,0,0,0,0,0,0,0,0,0,0,0
Food_Analysis,Biotechnology,0,0,0,0,0,0,0,0,0,0,0,0,0,0,0,0,0,0,0,0,0,0,0,0,0,0,0,0,0,0
Food_Analysis,Molecularbiology_Methodology,0,0,0,0,0,0,0,0,0,0,0,0,0,0,0,0,0,0,0,0,0,0,1,0,1,0,0,0,0,1
Genomics,Soilscience,1,0,1,1,0,0,0,0,0,0,0,0,0,0,0,0,0,0,0,0,1,0,0,0,0,1,0,0,1,0
Genomics,Weeds_Control,0,0,0,0,0,0,0,0,0,0,0,0,0,0,0,0,0,0,0,0,0,0,0,0,0,0,0,0,0,0
Genomics,Ecology_Mathematicalmodels,1,0,1,1,0,0,0,0,0,0,0,0,0,0,0,0,0,0,0,0,1,0,0,0,0,1,0,0,1,0
Genomics,Plantdiseases,1,0,1,2,0,0,0,0,0,0,0,0,0,0,0,0,1,0,0,0,1,0,0,0,0,2,0,0,1,0
Genomics,Veterinarymedicine,0,0,0,0,4,0,0,0,0,0,2,0,0,2,0,0,0,0,0,0,0,0,0,0,0,4,0,0,0,1
Genomics,Dairying,0,0,0,0,0,0,0,0,0,0,0,0,0,0,0,0,0,0,0,0,0,0,0,0,0,0,0,0,0,0
Genomics,Soils_Quality,0,0,0,0,0,0,0,0,0,0,0,0,0,0,0,0,0,0,0,0,0,0,0,0,0,0,0,0,0,0
Genomics,Water_Waste,0,0,0,0,0,0,0,0,0,0,0,0,0,0,0,0,0,0,0,0,0,0,0,0,0,0,0,0,0,0
Genomics,Water_waste,0,0,0,0,0,0,0,0,0,0,0,0,0,0,0,0,0,0,0,0,0,0,0,0,0,0,0,0,0,0
Genomics,Agriculturalengineering,0,0,0,0,0,0,0,0,0,0,0,0,0,0,0,0,0,0,0,0,0,0,0,0,0,0,0,0,0,0
Genomics,Foodcrops_Geneticengineering,0,0,0,0,2,0,0,0,0,0,2,0,0,1,0,0,0,0,0,0,0,0,0,0,0,2,0,0,0,1
Genomics,Entomology,0,0,0,0,0,0,0,0,0,0,0,0,0,0,0,0,0,0,0,0,0,0,0,0,0,0,0,0,0,0
Genomics,Insects_Physiology,0,0,0,0,0,0,0,0,0,0,0,0,0,0,0,0,0,0,0,0,0,0,0,0,0,0,0,0,0,0
Genomics,Molecularecology,0,0,0,0,2,0,0,0,0,0,1,0,0,5,0,0,0,0,0,0,1,0,0,0,0,5,0,0,0,2
Genomics,Forestsandforestry,0,0,0,0,0,0,0,0,0,0,0,0,0,0,0,0,0,0,0,0,0,0,0,0,0,0,0,0,0,0
Genomics,Agriculture_Economicaspects,0,0,0,0,0,0,0,0,0,0,0,0,0,0,0,0,0,0,0,0,0,0,0,0,0,0,0,0,0,0
Genomics,Pests_Control,0,0,0,1,0,0,0,0,0,0,0,0,0,0,0,0,1,0,0,0,0,0,0,0,0,1,0,0,0,0
Genomics,Conservationbiology,0,0,0,0,0,0,0,0,0,0,0,0,0,0,0,0,0,0,0,0,0,0,0,0,0,0,0,0,0,0
Genomics,Superconductors,0,0,0,0,0,0,0,0,0,0,0,0,0,0,0,0,0,0,0,0,0,0,0,0,0,0,0,0,0,0
Genomics,Potatoes,0,0,0,0,0,0,0,0,0,0,0,0,0,0,0,0,0,0,0,0,0,0,0,0,0,0,0,0,0,0
Genomics,Cropscience,1,0,1,1,0,0,0,0,0,0,0,0,0,1,0,0,0,0,0,0,2,0,0,0,0,2,0,0,1,1
Genomics,Transportation_Research,0,0,0,0,0,0,0,0,0,0,0,0,0,0,0,0,0,0,0,0,0,0,0,0,0,0,0,0,0,0
Genomics,Food_Safetymeasures,0,0,0,0,0,0,0,0,0,0,0,0,0,0,0,0,0,0,0,0,0,0,0,0,0,0,0,0,0,0
Genomics,Geomorphology,0,0,0,0,0,0,0,0,0,0,0,0,0,0,0,0,0,0,0,0,0,0,0,0,0,0,0,0,0,0
Genomics,Food_Analysis,0,0,0,0,0,0,0,0,0,0,0,0,0,0,0,0,0,0,0,0,0,0,0,0,0,0,0,0,0,0
Genomics,Genomics,1,0,1,2,4,0,0,0,0,0,2,0,0,5,0,0,1,0,0,0,2,0,0,0,0,10,0,0,1,2
Genomics,Semiconductors,0,0,0,0,0,0,0,0,0,0,0,0,0,0,0,0,0,0,0,0,0,0,0,0,0,0,0,0,0,0
Genomics,Microbiology,0,0,0,0,0,0,0,0,0,0,0,0,0,0,0,0,0,0,0,0,0,0,0,0,0,0,0,0,0,0
Genomics,Biotechnology,1,0,1,1,0,0,0,0,0,0,0,0,0,0,0,0,0,0,0,0,1,0,0,0,0,1,0,0,1,0
Genomics,Molecularbiology_Methodology,0,0,0,0,1,0,0,0,0,0,1,0,0,2,0,0,0,0,0,0,1,0,0,0,0,2,0,0,0,2
Semiconductors,Soilscience,0,0,0,0,0,0,0,0,0,0,0,0,0,0,0,0,0,0,0,0,0,0,0,0,0,0,0,0,0,0
Semiconductors,Weeds_Control,0,0,0,0,0,0,0,0,0,0,0,0,0,0,0,0,0,0,0,0,0,0,0,0,0,0,0,0,0,0
Semiconductors,Ecology_Mathematicalmodels,0,0,0,0,0,0,0,0,0,0,0,0,0,0,0,0,0,0,0,0,0,0,0,0,0,0,0,0,0,0
Semiconductors,Plantdiseases,0,0,0,0,0,0,0,0,0,0,0,0,0,0,0,0,0,0,0,0,0,0,0,0,0,0,0,0,0,0
Semiconductors,Veterinarymedicine,0,0,0,0,0,0,0,0,0,0,0,0,0,0,0,0,0,0,0,0,0,0,0,0,0,0,0,0,0,0
Semiconductors,Dairying,0,0,0,0,0,0,0,0,0,0,0,0,0,0,0,0,0,0,0,0,0,0,0,0,0,0,0,0,0,0
Semiconductors,Soils_Quality,0,0,0,0,0,0,0,0,0,0,0,0,0,0,0,0,0,0,0,0,0,0,0,0,0,0,0,0,0,0
Semiconductors,Water_Waste,0,0,0,0,0,0,0,0,0,0,0,0,0,0,0,0,0,0,0,0,0,0,0,0,0,0,0,0,0,0
Semiconductors,Water_waste,0,0,0,0,0,0,0,0,0,0,0,0,0,0,0,0,0,0,0,0,0,0,0,0,0,0,0,0,0,0
Semiconductors,Agriculturalengineering,0,0,0,0,0,0,0,0,0,0,0,0,0,0,0,0,0,0,0,0,0,0,0,0,0,0,0,0,0,0
Semiconductors,Foodcrops_Geneticengineering,0,0,0,0,0,0,0,0,0,0,0,0,0,0,0,0,0,0,0,0,0,0,0,0,0,0,0,0,0,0
Semiconductors,Entomology,0,0,0,0,0,0,0,0,0,0,0,0,0,0,0,0,0,0,0,0,0,0,0,0,0,0,0,0,0,0
Semiconductors,Insects_Physiology,0,0,0,0,0,0,0,0,0,0,0,0,0,0,0,0,0,0,0,0,0,0,0,0,0,0,0,0,0,0
Semiconductors,Molecularecology,0,0,0,0,0,0,0,0,0,0,0,0,0,0,0,0,0,0,0,0,0,0,0,0,0,0,0,0,0,0
Semiconductors,Forestsandforestry,0,0,0,0,0,0,0,0,0,0,0,0,0,0,0,0,0,0,0,0,0,0,0,0,0,0,0,0,0,0
Semiconductors,Agriculture_Economicaspects,0,0,0,0,0,0,0,0,0,0,0,0,0,0,0,0,0,0,0,0,0,0,0,0,0,0,0,0,0,0
Semiconductors,Pests_Control,0,0,0,0,0,0,0,0,0,0,0,0,0,0,0,0,0,0,0,0,0,0,0,0,0,0,0,0,0,0
Semiconductors,Conservationbiology,0,0,0,0,0,0,0,0,0,0,0,0,0,0,0,0,0,0,0,0,0,0,0,0,0,0,0,0,0,0
Semiconductors,Superconductors,0,0,0,0,0,0,0,0,0,0,0,0,0,0,0,0,0,0,2,0,0,0,0,0,0,0,2,0,0,0
Semiconductors,Potatoes,0,0,0,0,0,0,0,0,0,0,0,0,0,0,0,0,0,0,0,0,0,0,0,0,0,0,0,0,0,0
Semiconductors,Cropscience,0,0,0,0,0,0,0,0,0,0,0,0,0,0,0,0,0,0,0,0,0,0,0,0,0,0,0,0,0,0
Semiconductors,Transportation_Research,0,0,0,0,0,0,0,0,0,0,0,0,0,0,0,0,0,0,0,0,0,0,0,0,0,0,0,0,0,0
Semiconductors,Food_Safetymeasures,0,0,0,0,0,0,0,0,0,0,0,0,0,0,0,0,0,0,0,0,0,0,1,0,0,0,1,0,0,0
Semiconductors,Geomorphology,0,0,0,0,0,0,0,0,0,0,0,0,0,0,0,0,0,0,0,0,0,0,0,0,0,0,0,0,0,0
Semiconductors,Food_Analysis,0,0,0,0,0,0,0,0,0,0,0,0,0,0,0,0,0,0,0,0,0,0,0,0,0,0,0,0,0,0
Semiconductors,Genomics,0,0,0,0,0,0,0,0,0,0,0,0,0,0,0,0,0,0,0,0,0,0,0,0,0,0,0,0,0,0
Semiconductors,Semiconductors,0,0,0,0,0,0,0,0,0,0,0,0,0,0,0,0,0,0,2,0,0,0,1,0,0,0,10,1,3,1
Semiconductors,Microbiology,0,0,0,0,0,0,0,0,0,0,0,0,0,0,0,0,0,0,0,0,0,0,0,0,0,0,1,1,1,0
Semiconductors,Biotechnology,0,0,0,0,0,0,0,0,0,0,0,0,0,0,0,0,0,0,0,0,0,0,0,0,0,0,3,1,3,0
Semiconductors,Molecularbiology_Methodology,0,0,0,0,0,0,0,0,0,0,0,0,0,0,0,0,0,0,0,0,0,0,0,0,0,0,1,0,0,1
Microbiology,Soilscience,0,0,0,0,0,0,0,0,0,0,0,0,0,0,0,0,0,0,0,0,0,0,0,0,0,0,0,0,0,0
Microbiology,Weeds_Control,0,1,0,1,0,0,0,0,0,0,0,0,0,0,0,0,0,0,0,1,0,0,0,0,0,0,0,1,0,0
Microbiology,Ecology_Mathematicalmodels,0,0,4,1,0,0,0,0,0,0,0,0,0,0,0,0,0,0,0,1,1,0,0,0,0,0,0,4,2,3
Microbiology,Plantdiseases,0,1,1,3,0,0,0,0,0,0,0,0,0,0,0,0,0,0,0,2,0,0,0,0,0,0,0,3,1,1
Microbiology,Veterinarymedicine,0,0,0,0,0,0,0,0,0,0,0,0,0,0,0,0,0,0,0,0,0,0,0,0,0,0,0,0,0,0
Microbiology,Dairying,0,0,0,0,0,1,0,0,0,0,0,0,0,0,0,0,0,0,0,0,0,0,1,0,0,0,0,1,1,0
Microbiology,Soils_Quality,0,0,0,0,0,0,0,0,0,0,0,0,0,0,0,0,0,0,0,0,0,0,0,0,0,0,0,0,0,0
Microbiology,Water_Waste,0,0,0,0,0,0,0,0,0,0,0,0,0,0,0,0,0,0,0,0,0,0,0,0,0,0,0,0,0,0
Microbiology,Water_waste,0,0,0,0,0,0,0,0,0,0,0,0,0,0,0,0,0,0,0,0,0,0,0,0,0,0,0,0,0,0
Microbiology,Agriculturalengineering,0,0,0,0,0,0,0,0,0,1,0,0,0,0,0,0,0,0,0,0,0,0,0,0,0,0,0,1,0,0
Microbiology,Foodcrops_Geneticengineering,0,0,0,0,0,0,0,0,0,0,0,0,0,0,0,0,0,0,0,0,0,0,0,0,0,0,0,0,0,0
Microbiology,Entomology,0,0,0,0,0,0,0,0,0,0,0,0,0,0,0,0,0,0,0,0,0,0,0,0,0,0,0,0,0,0
Microbiology,Insects_Physiology,0,0,0,0,0,0,0,0,0,0,0,0,0,0,0,0,0,0,0,0,0,0,0,0,0,0,0,0,0,0
Microbiology,Molecularecology,0,0,0,0,0,0,0,0,0,0,0,0,0,0,0,0,0,0,0,0,0,0,0,0,0,0,0,0,0,0
Microbiology,Forestsandforestry,0,0,0,0,0,0,0,0,0,0,0,0,0,0,0,0,0,0,0,0,0,0,0,0,0,0,0,0,0,0
Microbiology,Agriculture_Economicaspects,0,0,0,0,0,0,0,0,0,0,0,0,0,0,0,0,0,0,0,0,0,0,0,0,0,0,0,0,0,0
Microbiology,Pests_Control,0,0,0,0,0,0,0,0,0,0,0,0,0,0,0,0,0,0,0,0,0,0,0,0,0,0,0,0,0,0
Microbiology,Conservationbiology,0,0,0,0,0,0,0,0,0,0,0,0,0,0,0,0,0,0,0,0,0,0,0,0,0,0,0,0,0,0
Microbiology,Superconductors,0,0,0,0,0,0,0,0,0,0,0,0,0,0,0,0,0,0,0,0,0,0,0,0,0,0,0,0,0,0
Microbiology,Potatoes,0,1,1,2,0,0,0,0,0,0,0,0,0,0,0,0,0,0,0,2,0,0,0,0,0,0,0,2,1,1
Microbiology,Cropscience,0,0,1,0,0,0,0,0,0,0,0,0,0,0,0,0,0,0,0,0,1,0,0,0,0,0,0,1,0,1
Microbiology,Transportation_Research,0,0,0,0,0,0,0,0,0,0,0,0,0,0,0,0,0,0,0,0,0,0,0,0,0,0,0,0,0,0
Microbiology,Food_Safetymeasures,0,0,0,0,0,1,0,0,0,0,0,0,0,0,0,0,0,0,0,0,0,0,1,0,0,0,0,1,1,0
Microbiology,Geomorphology,0,0,0,0,0,0,0,0,0,0,0,0,0,0,0,0,0,0,0,0,0,0,0,0,0,0,0,0,0,0
Microbiology,Food_Analysis,0,0,0,0,0,0,0,0,0,0,0,0,0,0,0,0,0,0,0,0,0,0,0,0,0,0,0,0,0,0
Microbiology,Genomics,0,0,0,0,0,0,0,0,0,0,0,0,0,0,0,0,0,0,0,0,0,0,0,0,0,0,0,0,0,0
Microbiology,Semiconductors,0,0,0,0,0,0,0,0,0,0,0,0,0,0,0,0,0,0,0,0,0,0,0,0,0,0,1,1,1,0
Microbiology,Microbiology,0,1,4,3,0,1,0,0,0,1,0,0,0,0,0,0,0,0,0,2,1,0,1,0,0,0,1,10,4,3
Microbiology,Biotechnology,0,0,2,1,0,1,0,0,0,0,0,0,0,0,0,0,0,0,0,1,0,0,1,0,0,0,1,4,4,1
Microbiology,Molecularbiology_Methodology,0,0,3,1,0,0,0,0,0,0,0,0,0,0,0,0,0,0,0,1,1,0,0,0,0,0,0,3,1,3
Biotechnology,Soilscience,1,0,1,1,0,0,0,0,0,0,0,0,0,0,0,0,0,0,0,0,1,0,0,0,0,1,0,0,1,0
Biotechnology,Weeds_Control,0,0,0,0,0,0,0,0,0,0,0,0,0,0,0,0,0,0,0,0,0,0,0,0,0,0,0,0,0,0
Biotechnology,Ecology_Mathematicalmodels,1,0,3,2,0,0,0,0,0,0,0,0,0,0,0,0,0,0,0,1,1,0,0,0,0,1,0,2,3,1
Biotechnology,Plantdiseases,1,0,2,2,0,0,0,0,0,0,0,0,0,0,0,0,0,0,0,1,1,0,0,0,0,1,0,1,2,1
Biotechnology,Veterinarymedicine,0,0,0,0,0,0,0,0,0,0,0,0,0,0,0,0,0,0,0,0,0,0,0,0,0,0,0,0,0,0
Biotechnology,Dairying,0,0,0,0,0,1,0,0,0,0,0,0,0,0,0,0,0,0,0,0,0,0,1,0,0,0,0,1,1,0
Biotechnology,Soils_Quality,0,0,0,0,0,0,0,0,0,0,0,0,0,0,0,0,0,0,0,0,0,0,0,0,0,0,0,0,0,0
Biotechnology,Water_Waste,0,0,0,0,0,0,0,0,0,0,0,0,0,0,0,0,0,0,0,0,0,0,0,0,0,0,0,0,0,0
Biotechnology,Water_waste,0,0,0,0,0,0,0,0,0,0,0,0,0,0,0,0,0,0,0,0,0,0,0,0,0,0,0,0,0,0
Biotechnology,Agriculturalengineering,0,0,0,0,0,0,0,0,0,0,0,0,0,0,0,0,0,0,0,0,0,0,0,0,0,0,0,0,0,0
Biotechnology,Foodcrops_Geneticengineering,0,0,0,0,0,0,0,0,0,0,0,0,0,0,0,0,0,0,0,0,0,0,0,0,0,0,0,0,0,0
Biotechnology,Entomology,0,0,0,0,0,0,0,0,0,0,0,0,0,0,0,0,0,0,0,0,0,0,0,0,0,0,0,0,0,0
Biotechnology,Insects_Physiology,0,0,0,0,0,0,0,0,0,0,0,0,0,0,0,0,0,0,0,0,0,0,0,0,0,0,0,0,0,0
Biotechnology,Molecularecology,0,0,0,0,0,0,0,0,0,0,0,0,0,0,0,0,0,0,0,0,0,0,0,0,0,0,0,0,0,0
Biotechnology,Forestsandforestry,0,0,0,0,0,0,0,0,0,0,0,0,0,0,0,0,0,0,0,0,0,0,0,0,0,0,0,0,0,0
Biotechnology,Agriculture_Economicaspects,0,0,0,0,0,0,0,0,0,0,0,0,0,0,0,0,0,0,0,0,0,0,0,0,0,0,0,0,0,0
Biotechnology,Pests_Control,0,0,0,0,0,0,0,0,0,0,0,0,0,0,0,0,0,0,0,0,0,0,0,0,0,0,0,0,0,0
Biotechnology,Conservationbiology,0,0,0,0,0,0,0,0,0,0,0,0,0,0,0,0,0,0,0,0,0,0,0,0,0,0,0,0,0,0
Biotechnology,Superconductors,0,0,0,0,0,0,0,0,0,0,0,0,0,0,0,0,0,0,1,0,0,0,0,0,0,0,0,0,1,0
Biotechnology,Potatoes,0,0,1,1,0,0,0,0,0,0,0,0,0,0,0,0,0,0,0,1,0,0,0,0,0,0,0,1,1,1
Biotechnology,Cropscience,1,0,1,1,0,0,0,0,0,0,0,0,0,0,0,0,0,0,0,0,1,0,0,0,0,1,0,0,1,0
Biotechnology,Transportation_Research,0,0,0,0,0,0,0,0,0,0,0,0,0,0,0,0,0,0,0,0,0,0,0,0,0,0,0,0,0,0
Biotechnology,Food_Safetymeasures,0,0,0,0,0,1,0,0,0,0,0,0,0,0,0,0,0,0,0,0,0,0,1,0,0,0,0,1,1,0
Biotechnology,Geomorphology,0,0,0,0,0,0,0,0,0,0,0,0,0,0,0,0,0,0,0,0,0,0,0,0,0,0,0,0,0,0
Biotechnology,Food_Analysis,0,0,0,0,0,0,0,0,0,0,0,0,0,0,0,0,0,0,0,0,0,0,0,0,0,0,0,0,0,0
Biotechnology,Genomics,1,0,1,1,0,0,0,0,0,0,0,0,0,0,0,0,0,0,0,0,1,0,0,0,0,1,0,0,1,0
Biotechnology,Semiconductors,0,0,0,0,0,0,0,0,0,0,0,0,0,0,0,0,0,0,0,0,0,0,0,0,0,0,3,1,3,0
Biotechnology,Microbiology,0,0,2,1,0,1,0,0,0,0,0,0,0,0,0,0,0,0,0,1,0,0,1,0,0,0,1,4,4,1
Biotechnology,Biotechnology,1,0,3,2,0,1,0,0,0,0,0,0,0,0,0,0,0,0,1,1,1,0,1,0,0,1,3,4,9,1
Biotechnology,Molecularbiology_Methodology,0,0,1,1,0,0,0,0,0,0,0,0,0,0,0,0,0,0,0,1,0,0,0,0,0,0,0,1,1,1
Molecularbiology_Methodology,Soilscience,0,0,0,0,0,0,0,0,0,0,0,0,0,0,0,0,0,0,0,0,0,0,0,0,0,0,0,0,0,0
Molecularbiology_Methodology,Weeds_Control,0,0,0,0,0,0,0,0,0,0,0,0,0,0,0,0,0,0,0,0,0,0,0,0,0,0,0,0,0,0
Molecularbiology_Methodology,Ecology_Mathematicalmodels,0,0,3,1,0,0,0,0,0,0,0,0,0,0,0,0,0,0,0,1,1,0,0,0,0,0,0,3,1,3
Molecularbiology_Methodology,Plantdiseases,0,0,1,1,0,0,0,0,0,0,0,0,0,0,0,0,0,0,0,1,0,0,0,0,0,0,0,1,1,1
Molecularbiology_Methodology,Veterinarymedicine,0,0,0,0,1,0,0,0,0,0,1,0,0,1,0,0,0,0,0,0,0,0,0,0,0,1,0,0,0,1
Molecularbiology_Methodology,Dairying,0,0,0,0,0,0,0,0,0,0,0,0,0,0,0,0,0,0,0,0,0,0,0,0,0,0,0,0,0,0
Molecularbiology_Methodology,Soils_Quality,0,0,0,0,0,0,0,0,0,0,0,0,0,0,0,0,0,0,0,0,0,0,0,0,0,0,0,0,0,0
Molecularbiology_Methodology,Water_Waste,0,0,0,0,0,0,0,0,0,0,0,0,0,0,0,0,0,0,0,0,0,0,0,0,0,0,0,0,0,0
Molecularbiology_Methodology,Water_waste,0,0,0,0,0,0,0,0,0,0,0,0,0,0,0,0,0,0,0,0,0,0,0,0,0,0,0,0,0,0
Molecularbiology_Methodology,Agriculturalengineering,0,0,0,0,0,0,0,0,0,0,0,0,0,0,0,0,0,0,0,0,0,0,0,0,0,0,0,0,0,0
Molecularbiology_Methodology,Foodcrops_Geneticengineering,0,0,0,0,1,0,0,0,0,0,1,0,0,1,0,0,0,0,0,0,0,0,0,0,0,1,0,0,0,1
Molecularbiology_Methodology,Entomology,0,0,0,0,0,0,0,0,0,0,0,0,0,0,0,0,0,0,0,0,0,0,0,0,0,0,0,0,0,0
Molecularbiology_Methodology,Insects_Physiology,0,0,0,0,0,0,0,0,0,0,0,0,0,0,0,0,0,0,0,0,0,0,0,0,0,0,0,0,0,0
Molecularbiology_Methodology,Molecularecology,0,0,0,0,1,0,0,0,0,0,1,0,0,2,0,0,0,0,0,0,1,0,0,0,0,2,0,0,0,2
Molecularbiology_Methodology,Forestsandforestry,0,0,0,0,0,0,0,0,0,0,0,0,0,0,0,0,0,0,0,0,0,0,0,0,0,0,0,0,0,0
Molecularbiology_Methodology,Agriculture_Economicaspects,0,0,0,0,0,0,0,0,0,0,0,0,0,0,0,0,0,0,0,0,0,0,0,0,0,0,0,0,0,0
Molecularbiology_Methodology,Pests_Control,0,0,0,0,0,0,0,0,0,0,0,0,0,0,0,0,0,0,0,0,0,0,0,0,0,0,0,0,0,0
Molecularbiology_Methodology,Conservationbiology,0,0,0,0,0,0,0,0,0,0,0,0,0,0,0,0,0,0,0,0,0,0,0,0,0,0,0,0,0,0
Molecularbiology_Methodology,Superconductors,0,0,0,0,0,0,0,0,0,0,0,0,0,0,0,0,0,0,0,0,0,0,0,0,0,0,0,0,0,0
Molecularbiology_Methodology,Potatoes,0,0,1,1,0,0,0,0,0,0,0,0,0,0,0,0,0,0,0,1,0,0,0,0,0,0,0,1,1,1
Molecularbiology_Methodology,Cropscience,0,0,1,0,0,0,0,0,0,0,0,0,0,1,0,0,0,0,0,0,2,0,0,0,0,1,0,1,0,2
Molecularbiology_Methodology,Transportation_Research,0,0,0,0,0,0,0,0,0,0,0,0,0,0,0,0,0,0,0,0,0,0,0,0,0,0,0,0,0,0
Molecularbiology_Methodology,Food_Safetymeasures,0,0,0,0,0,0,0,0,0,0,0,0,0,0,0,0,0,0,0,0,0,0,1,0,1,0,0,0,0,1
Molecularbiology_Methodology,Geomorphology,0,0,0,0,0,0,0,0,0,0,0,0,0,0,0,0,0,0,0,0,0,0,0,0,0,0,0,0,0,0
Molecularbiology_Methodology,Food_Analysis,0,0,0,0,0,0,0,0,0,0,0,0,0,0,0,0,0,0,0,0,0,0,1,0,1,0,0,0,0,1
Molecularbiology_Methodology,Genomics,0,0,0,0,1,0,0,0,0,0,1,0,0,2,0,0,0,0,0,0,1,0,0,0,0,2,0,0,0,2
Molecularbiology_Methodology,Semiconductors,0,0,0,0,0,0,0,0,0,0,0,0,0,0,0,0,0,0,0,0,0,0,0,0,0,0,1,0,0,1
Molecularbiology_Methodology,Microbiology,0,0,3,1,0,0,0,0,0,0,0,0,0,0,0,0,0,0,0,1,1,0,0,0,0,0,0,3,1,3
Molecularbiology_Methodology,Biotechnology,0,0,1,1,0,0,0,0,0,0,0,0,0,0,0,0,0,0,0,1,0,0,0,0,0,0,0,1,1,1
Molecularbiology_Methodology,Molecularbiology_Methodology,0,0,3,1,1,0,0,0,0,0,1,0,0,2,0,0,0,0,0,1,2,0,1,0,1,2,1,3,1,9
